id,symbol,name,current_price,market_cap,market_cap_rank,total_volume,high_24h,low_24h,price_change_24h,price_change_percentage_24h,circulating_supply,total_supply,max_supply,ath,ath_change_percentage,row_update_date
bitcoin,btc,Bitcoin,83416.0,1655326006310,1,21667599503.0,84770.0,83239.0,-1113.5090444537636,-1.31731,19839928.0,19839928.0,21000000.0,108786.0,-23.22624,21_03_2025_16_08_17
ethereum,eth,Ethereum,1947.25,234858348795,2,11117563631.0,1993.58,1938.9,-22.319799515212026,-1.13323,120631712.923467,120631712.923467,,4878.26,-60.07374,21_03_2025_16_08_17
tether,usdt,Tether,0.999475,143450455977,3,20856476316.0,0.999697,0.999314,-0.000124939320904294,-0.0125,143527578399.8948,143527578399.8948,,1.32,-24.46182,21_03_2025_16_08_17
ripple,xrp,XRP,2.37,137626470809,4,3887283393.0,2.46,2.36,-0.07605995617140637,-3.11208,58158111605.0,99986323420.0,100000000000.0,3.4,-30.26957,21_03_2025_16_08_17
binancecoin,bnb,BNB,632.4,92278564905,5,960137313.0,637.41,617.03,9.96,1.59936,145887575.79,145887575.79,200000000.0,788.84,-19.73367,21_03_2025_16_08_17
solana,sol,Solana,125.57,64205334076,6,2376806847.0,128.9,125.48,-3.3306547734416085,-2.58389,510176606.7620477,596638375.0931548,,293.31,-57.08656,21_03_2025_16_08_17
usd-coin,usdc,USDC,0.99988,59061775658,7,8650537730.0,0.999928,0.999662,-1.1305264593919e-05,-0.00113,59070732049.07186,59110444875.11872,,1.17,-14.73673,21_03_2025_16_08_17
cardano,ada,Cardano,0.701214,25258678124,8,671118511.0,0.725823,0.701686,-0.02460902869091186,-3.3905,35972695141.4591,45000000000.0,45000000000.0,3.09,-77.2343,21_03_2025_16_08_17
dogecoin,doge,Dogecoin,0.165231,24521018616,9,844922365.0,0.171383,0.165133,-0.00457962633855391,-2.69689,148496536383.7052,148522206383.7052,,0.731578,-77.39425,21_03_2025_16_08_17
tron,trx,TRON,0.235945,22415848876,10,721888723.0,0.236743,0.230298,0.00506726,2.19478,95010799427.76659,95010818567.67943,,0.431288,-45.21638,21_03_2025_16_08_17
staked-ether,steth,Lido Staked Ether,1946.71,18164569730,11,9028212.0,1991.7,1938.3,-20.827588536493977,-1.05856,9331717.813312195,9331717.813312195,,4829.57,-59.68353,21_03_2025_16_08_17
wrapped-bitcoin,wbtc,Wrapped Bitcoin,83385.0,10755502042,12,190027524.0,84591.0,83071.0,-1045.5879037989944,-1.23841,128915.05657878,128915.05657878,128915.05657878,108368.0,-22.99404,21_03_2025_16_08_17
leo-token,leo,LEO Token,9.74,9018553575,13,3184963.0,9.82,9.72,-0.06348043269022874,-0.64758,923894810.9,985239504.0,,10.14,-3.66905,21_03_2025_16_08_17
chainlink,link,Chainlink,13.85,8834397573,14,292033186.0,14.36,13.85,-0.485497995411027,-3.38737,638099971.4505637,1000000000.0,1000000000.0,52.7,-73.683,21_03_2025_16_08_17
the-open-network,ton,Toncoin,3.54,8773358991,15,225513689.0,3.79,3.52,-0.1805299789768786,-4.85684,2481820761.168503,5125205421.293445,,8.25,-57.16739,21_03_2025_16_08_17
stellar,xlm,Stellar,0.275163,8476788494,16,210938591.0,0.286974,0.274565,-0.006663618693480255,-2.36444,30757938244.25068,50001786892.81798,50001786892.81798,0.875563,-68.43882,21_03_2025_16_08_17
wrapped-steth,wsteth,Wrapped stETH,2331.35,8397401859,17,21295886.0,2384.86,2319.45,-22.786920998908045,-0.96795,3602271.227894269,3602271.227894269,,7256.02,-68.03481,21_03_2025_16_08_17
usds,usds,USDS,1.0,7959509526,18,10947243.0,1.001,0.999129,0.00044219,0.04423,7959707823.027781,7959707823.027781,,1.057,-5.46674,21_03_2025_16_08_17
hedera-hashgraph,hbar,Hedera,0.182446,7711639130,19,169696245.0,0.191178,0.182354,-0.007893169289393265,-4.14689,42219399510.26202,50000000000.0,50000000000.0,0.569229,-67.87725,21_03_2025_16_08_17
avalanche-2,avax,Avalanche,18.44,7646213045,20,183181707.0,19.09,18.38,-0.3426916599311127,-1.82471,414470316.0797151,451139816.0797151,720000000.0,144.96,-87.26358,21_03_2025_16_08_17
shiba-inu,shib,Shiba Inu,1.248e-05,7360462719,22,140322911.0,1.305e-05,1.248e-05,-2.93345347267e-07,-2.29577,589252929351196.9,589506853061718.5,,8.616e-05,-85.48995,21_03_2025_16_08_17
pi-network,pi,Pi Network,1.08,7352634443,21,827352321.0,1.12,0.866276,-0.04130065615797274,-3.68243,6793163688.088625,10451021058.59788,100000000000.0,2.99,-63.38823,21_03_2025_16_08_17
sui,sui,Sui,2.25,7117623434,23,614750882.0,2.41,2.24,-0.1513139270990207,-6.31286,3169845047.483887,10000000000.0,10000000000.0,5.35,-57.98799,21_03_2025_16_08_17
litecoin,ltc,Litecoin,93.12,7044842935,24,402017378.0,93.63,90.25,1.5,1.63506,75658314.48347135,75658545.73347135,84000000.0,410.26,-77.26784,21_03_2025_16_08_17
polkadot,dot,Polkadot,4.44,6757361851,25,201102046.0,4.55,4.33,0.0478294,1.08908,1522267060.0,1522267060.0,,54.98,-91.92294,21_03_2025_16_08_17
bitcoin-cash,bch,Bitcoin Cash,326.97,6487781987,26,149265385.0,335.31,326.92,-8.34061751693281,-2.48743,19845171.77165078,19845178.02165078,21000000.0,3785.82,-91.35795,21_03_2025_16_08_17
mantra-dao,om,MANTRA,6.32,6223478599,27,103151811.0,6.69,6.32,-0.3033113821167719,-4.57813,984601482.6199999,1812790252.75,,8.99,-29.61296,21_03_2025_16_08_17
weth,weth,WETH,1947.78,5638488659,28,502159448.0,1993.52,1939.21,-24.283457349522678,-1.23137,2895066.242299373,2895066.242299373,,4799.89,-59.41548,21_03_2025_16_08_17
bitget-token,bgb,Bitget Token,4.58,5501067722,29,91958134.0,4.74,4.56,-0.08768291328345068,-1.87837,1199999994.2,1199999994.2,2000000000.0,8.45,-45.74383,21_03_2025_16_08_17
ethena-usde,usde,Ethena USDe,0.999703,5414807266,30,87681891.0,1.0,0.999074,0.0002928,0.0293,5416314217.100746,5416364181.565845,,1.032,-3.16229,21_03_2025_16_08_17
binance-bridged-usdt-bnb-smart-chain,bsc-usd,Binance Bridged USDT (BNB Smart Chain),0.999944,5181505906,31,131933273.0,1.003,0.996464,-0.000671064291610679,-0.06707,5184994501.618546,5184994501.618546,,1.05,-4.81543,21_03_2025_16_08_17
hyperliquid,hype,Hyperliquid,14.35,4788663857,32,85966460.0,14.61,13.95,-0.25620578250860326,-1.75349,333928180.0,999990391.0,1000000000.0,34.96,-58.906,21_03_2025_16_08_17
wrapped-eeth,weeth,Wrapped eETH,2069.99,4159067998,33,11343990.0,2118.08,2060.49,-23.729128518329617,-1.13335,2007896.164362126,2007896.164362126,,4311.81,-51.99121,21_03_2025_16_08_17
whitebit,wbt,WhiteBIT Coin,28.39,4090810920,34,22013647.0,28.73,28.35,-0.11783904799683498,-0.4134,144118517.10815412,328808075.0,400000000.0,31.28,-9.23227,21_03_2025_16_08_17
uniswap,uni,Uniswap,6.75,4051119138,35,115023971.0,6.92,6.66,0.02318415,0.34472,600483073.71,1000000000.0,1000000000.0,44.92,-84.97293,21_03_2025_16_08_17
monero,xmr,Monero,210.25,3878331611,36,54544905.0,211.56,206.83,1.61,0.77322,18446744.07370955,18446744.07370955,,542.33,-61.21969,21_03_2025_16_08_17
susds,susds,sUSDS,1.043,3310183559,37,8257970.0,1.045,1.043,-0.000170315148053435,-0.01632,3172419891.935917,3172419891.935917,,1.088,-4.08697,21_03_2025_16_08_17
aptos,apt,Aptos,5.48,3300921053,38,107062700.0,5.65,5.41,0.00443276,0.081,602771933.3052667,1144790006.280603,,19.92,-72.48717,21_03_2025_16_08_17
ethena-staked-usde,susde,Ethena Staked USDe,1.16,3265908621,39,12045219.0,1.16,1.16,0.00074641,0.06445,2817706499.932281,2817706499.932281,,1.29,-10.21594,21_03_2025_16_08_17
near,near,NEAR Protocol,2.7,3226131036,40,122773959.0,2.76,2.68,-0.020803823792650444,-0.76587,1196505468.0,1241105619.0,,20.44,-86.79409,21_03_2025_16_08_17
dai,dai,Dai,0.999553,3183195305,41,132227514.0,1.0,0.999275,-3.1551018287113e-05,-0.00316,3184503748.813361,3190216399.964182,,1.22,-17.99415,21_03_2025_16_08_17
okb,okb,OKB,51.87,3114541513,42,7533217.0,52.89,51.36,0.113654,0.2196,60000000.0,235957685.3,300000000.0,73.8,-29.60857,21_03_2025_16_08_17
pepe,pepe,Pepe,7.18e-06,3020686069,43,700551749.0,7.83e-06,7.18e-06,-3.99771701825e-07,-5.27492,420690000000000.0,420690000000000.0,420690000000000.0,2.803e-05,-74.37978,21_03_2025_16_08_17
gatechain-token,gt,Gate,22.63,2780322410,44,17133965.0,22.78,22.49,-0.028896356429651604,-0.12751,122910587.76765741,300000000.0,,25.94,-12.76941,21_03_2025_16_08_17
internet-computer,icp,Internet Computer,5.65,2724017845,45,47336530.0,5.8,5.62,-0.14410647527815534,-2.48702,481772074.017801,530645642.8802961,,700.65,-99.19202,21_03_2025_16_08_17
ethereum-classic,etc,Ethereum Classic,17.6,2661382662,46,69203067.0,17.98,17.54,-0.19652319881058844,-1.10426,151205215.3204976,151205821.0804976,210700000.0,167.09,-89.45835,21_03_2025_16_08_17
tokenize-xchange,tkx,Tokenize Xchange,32.97,2636487171,47,11888472.0,33.99,32.83,-0.9416534759199067,-2.77718,79995999.05112354,100000000.0,100000000.0,50.43,-34.57046,21_03_2025_16_08_17
aave,aave,Aave,174.5,2634782351,48,260475668.0,182.36,172.14,0.328462,0.18859,15090917.605122978,16000000.0,16000000.0,661.69,-73.59594,21_03_2025_16_08_17
mantle,mnt,Mantle,0.777224,2615834429,49,121689243.0,0.799451,0.774032,-0.01639354355686895,-2.06567,3364694382.83684,6219316794.99,6219316794.99,1.54,-49.48655,21_03_2025_16_08_17
ondo-finance,ondo,Ondo,0.819733,2589082192,50,100920385.0,0.852958,0.818772,-0.03322446308900884,-3.89521,3159107529.0,10000000000.0,10000000000.0,2.14,-61.74111,21_03_2025_16_08_17
coinbase-wrapped-btc,cbbtc,Coinbase Wrapped BTC,83422.0,2587638021,51,208436106.0,84735.0,83232.0,-1161.7451576703606,-1.37348,30969.67193102,30969.67193102,,108953.0,-23.22706,21_03_2025_16_08_17
first-digital-usd,fdusd,First Digital USD,0.99797,2389114860,52,4739823376.0,1.002,0.996883,-0.002437185377210938,-0.24362,2393957973.327888,2423957973.327888,,1.15,-13.32054,21_03_2025_16_08_17
vechain,vet,VeChain,0.02516013,2163606793,53,50982881.0,0.02632153,0.02510619,-0.000845802933573322,-3.25235,85985041177.0,85985041177.0,86712634466.0,0.280991,-91.02032,21_03_2025_16_08_17
official-trump,trump,Official Trump,10.74,2149384028,54,387567646.0,11.27,10.7,-0.5256366670894099,-4.66499,199999977.236,1000000000.0,1000000000.0,73.43,-85.30923,21_03_2025_16_08_17
crypto-com-chain,cro,Cronos,0.07748,2127637057,55,20892915.0,0.079948,0.077207,-0.001791622396513648,-2.2601,27387995200.53901,30000000000.0,,0.965407,-91.95573,21_03_2025_16_08_17
bittensor,tao,Bittensor,242.57,2059895538,56,60568490.0,257.93,242.74,-15.361031481907446,-5.95544,8477596.0,21000000.0,21000000.0,757.6,-67.95892,21_03_2025_16_08_17
cosmos,atom,Cosmos Hub,4.56,2014583271,57,118222124.0,4.83,4.47,-0.20650822746504538,-4.3282,441345846.619726,441349511.019957,,44.45,-89.72194,21_03_2025_16_08_17
kaspa,kas,Kaspa,0.076873,1985172323,58,51488044.0,0.07877,0.075824,-0.001741176247589918,-2.21485,25826487850.01926,25894601228.55787,28704026601.0,0.207411,-62.91052,21_03_2025_16_08_17
ethena,ena,Ethena,0.358312,1893239680,59,116319922.0,0.387258,0.358258,-0.02561221004483155,-6.67117,5285937500.0,15000000000.0,,1.52,-76.39309,21_03_2025_16_08_17
filecoin,fil,Filecoin,2.9,1872348095,60,108883929.0,3.07,2.88,-0.1285112237715622,-4.24345,645479438.0,1959601858.0,1959601860.0,236.84,-98.77411,21_03_2025_16_08_17
celestia,tia,Celestia,3.3,1776444854,61,63574927.0,3.44,3.26,-0.011681065287123538,-0.35231,537233712.821426,1104499726.027065,,20.85,-84.13669,21_03_2025_16_08_17
polygon-ecosystem-token,pol,POL (ex-MATIC),0.204747,1766035648,62,69421356.0,0.213364,0.204133,-0.00792553539519203,-3.72664,8625595089.206736,10382883669.11985,,1.29,-84.09509,21_03_2025_16_08_17
lombard-staked-btc,lbtc,Lombard Staked BTC,83566.0,1746571116,63,6496793.0,84774.0,83135.0,-772.1467150478711,-0.91554,20916.329287708475,20916.329287708475,,114576.0,-27.00494,21_03_2025_16_08_17
fasttoken,ftn,Fasttoken,4.02,1729311066,64,50962330.0,4.04,4.01,0.00109178,0.02716,429980837.0,870742437.0,1000000000.0,4.07,-1.27349,21_03_2025_16_08_17
arbitrum,arb,Arbitrum,0.360099,1663139481,65,117519272.0,0.378768,0.358751,-0.011764316849402157,-3.16362,4617913336.0,10000000000.0,10000000000.0,2.39,-84.92142,21_03_2025_16_08_17
render-token,render,Render,3.15,1631165038,66,109076015.0,3.33,3.15,-0.11416160247540263,-3.49854,517716590.0562826,532476763.3362826,,13.53,-76.71594,21_03_2025_16_08_17
algorand,algo,Algorand,0.187912,1600840125,67,64347259.0,0.197338,0.18741,-0.008662258939539563,-4.40661,8515207459.790922,8515207459.790922,10000000000.0,3.56,-94.71345,21_03_2025_16_08_17
sonic-3,s,Sonic (prev. FTM),0.488173,1549947744,68,117964415.0,0.521495,0.486048,-0.02886475830648949,-5.58272,3175000000.0,3175000000.0,,1.029,-52.57968,21_03_2025_16_08_17
arbitrum-bridged-usdt-arbitrum,usdt,Arbitrum Bridged USDT (Arbitrum),0.9989,1519775264,69,119739053.0,1.002,0.997343,-0.000331697497999772,-0.0332,1521517508.638287,1521517508.638287,,1.16,-13.84542,21_03_2025_16_08_17
story-2,ip,Story,5.76,1487192925,70,64082525.0,5.81,5.3,0.313675,5.76048,258098217.97,1001145998.3,,7.31,-21.19082,21_03_2025_16_08_17
optimism,op,Optimism,0.848975,1375524393,71,127119549.0,0.886555,0.839436,-0.03242141316272651,-3.67842,1620705846.0,4294967296.0,4294967296.0,4.84,-82.47434,21_03_2025_16_08_17
kucoin-shares,kcs,KuCoin,11.21,1374397371,72,33303.0,11.33,11.17,0.0458673,0.41067,122561753.8513356,142561753.8513356,,28.83,-61.04366,21_03_2025_16_08_17
jupiter-exchange-solana,jup,Jupiter,0.505599,1362836439,73,51141200.0,0.532251,0.504305,-0.021364032575669434,-4.05418,2690911111.1,6999978228.449171,10000000000.0,2.0,-74.70988,21_03_2025_16_08_17
solv-btc,solvbtc,Solv Protocol SolvBTC,83486.0,1329080182,74,968841.0,84584.0,83262.0,-1045.056700010915,-1.2363,15921.8931851078,15921.89419252139,21000000.0,108929.0,-23.36376,21_03_2025_16_08_17
fetch-ai,fet,Artificial Superintelligence Alliance,0.501161,1305520661,75,86217035.0,0.532661,0.501193,-0.02468348489791783,-4.69407,2604959126.672,2714493896.672,2714493896.672,3.45,-85.47173,21_03_2025_16_08_17
blackrock-usd-institutional-digital-liquidity-fund,buidl,BlackRock USD Institutional Digital Liquidity Fund,1.0,1285028840,76,0.0,1.0,1.0,0.0,0.0,1285028840.11,1285028840.11,,1.0,0.0,21_03_2025_16_08_17
entangle,ntgl,Entangle,0.00207328,1243013265,77,310435.0,0.0028802,0.00197835,-0.000311881905995897,-13.07594,599693886035.2958,843000000000.0,843000000000.0,2.82,-99.9266,21_03_2025_16_08_17
binance-peg-weth,weth,Binance-Peg WETH,1949.64,1180070176,78,22615057.0,1993.39,1935.43,-24.419071044365182,-1.237,604999.999959841,604999.999959841,,4098.26,-52.42926,21_03_2025_16_08_17
xdce-crowd-sale,xdc,XDC Network,0.07399,1161279324,79,40521531.0,0.075827,0.070399,0.00223479,3.11445,15696369567.9,37979904065.55,,0.192754,-61.45111,21_03_2025_16_08_17
nexo,nexo,NEXO,1.11,1112706252,80,15505397.0,1.12,1.095,0.01357261,1.23512,1000000000.0,1000000000.0,1000000000.0,4.07,-72.65478,21_03_2025_16_08_17
quant-network,qnt,Quant,75.73,1099345324,81,21804602.0,78.22,75.6,-2.0553522866351415,-2.64242,14544176.164091088,14612493.0,14612493.0,427.42,-82.31456,21_03_2025_16_08_17
kelp-dao-restaked-eth,rseth,Kelp DAO Restaked ETH,2021.62,1087132657,82,1998392.0,2072.1,2013.58,-26.583800516198608,-1.29791,537586.9310449725,537586.9310449725,,4216.2,-52.05489,21_03_2025_16_08_17
dexe,dexe,DeXe,18.98,1084728033,83,11338203.0,19.27,18.6,0.145777,0.77407,57103774.56313077,96504599.33609451,,32.38,-41.30985,21_03_2025_16_08_17
movement,move,Movement,0.420315,1033109314,84,46117737.0,0.450284,0.420476,-0.023635843238103027,-5.32398,2450000000.0,10000000000.0,10000000000.0,1.45,-70.85641,21_03_2025_16_08_17
maker,mkr,Maker,1200.6,1018076556,85,68313684.0,1280.17,1199.19,-44.187423650693745,-3.54979,847756.7772484912,874001.3245551365,1005577.0,6292.31,-80.87744,21_03_2025_16_08_17
worldcoin-wld,wld,Worldcoin,0.823905,972526685,86,87425311.0,0.870967,0.821085,-0.04249875817888815,-4.90519,1179755878.254542,10000000000.0,10000000000.0,11.74,-92.98021,21_03_2025_16_08_17
rocket-pool-eth,reth,Rocket Pool ETH,2198.77,967619143,87,8774970.0,2251.36,2192.18,-26.79427845914961,-1.20393,440092.0079603398,440100.8392525601,,4814.31,-54.31482,21_03_2025_16_08_17
usual-usd,usd0,Usual USD,0.997868,954553348,88,67733114.0,0.998004,0.994054,-9.3558883360711e-05,-0.00937,956592547.2273695,956592547.2273695,,1.33,-24.72894,21_03_2025_16_08_17
immutable-x,imx,Immutable,0.534693,946399237,89,31598309.0,0.568135,0.53389,-0.02806451201896487,-4.98696,1768317543.3898141,2000000000.0,2000000000.0,9.52,-94.37889,21_03_2025_16_08_17
binance-staked-sol,bnsol,Binance Staked SOL,131.09,944734089,90,2108118.0,134.32,130.86,-2.7528604085691484,-2.05686,7200911.412958515,7200911.412958515,,297.96,-55.83681,21_03_2025_16_08_17
blockstack,stx,Stacks,0.615686,934590012,91,27841705.0,0.648526,0.614019,-0.021137321579052126,-3.31918,1517904108.23385,1517904108.23385,1818000000.0,3.86,-84.03458,21_03_2025_16_08_17
injective-protocol,inj,Injective,9.52,931102363,92,71592087.0,10.11,9.44,-0.2683635797571906,-2.74137,97727220.33,100000000.0,,52.62,-81.88493,21_03_2025_16_08_17
sei-network,sei,Sei,0.187644,916239048,93,51386308.0,0.196439,0.187841,-0.008270200841603542,-4.22134,4882361111.0,10000000000.0,,1.14,-83.51667,21_03_2025_16_08_17
flare-networks,flr,Flare,0.01493711,913663750,94,6735451.0,0.01511832,0.0145168,0.00017343,1.17467,61053649150.97039,103167452507.2981,,0.150073,-90.03378,21_03_2025_16_08_17
theta-token,theta,Theta Network,0.90808,908047463,95,18908217.0,0.957532,0.902443,-0.02383116750326586,-2.55723,1000000000.0,1000000000.0,1000000000.0,15.72,-94.19903,21_03_2025_16_08_17
the-graph,grt,The Graph,0.092191,881704943,96,32403888.0,0.09615,0.091789,-0.003542003069370081,-3.69986,9548531509.16547,10788004319.0,10788004319.0,2.84,-96.74517,21_03_2025_16_08_17
lido-dao,ldo,Lido DAO,0.976636,876988982,97,65771911.0,1.027,0.976423,-0.022689637798692486,-2.2705,897877243.8587132,1000000000.0,1000000000.0,7.3,-86.6144,21_03_2025_16_08_17
bonk,bonk,Bonk,1.129e-05,875748553,98,100910583.0,1.206e-05,1.13e-05,-2.87349570537e-07,-2.48119,77419592329436.58,88852905210310.38,88852905210310.38,5.825e-05,-80.5994,21_03_2025_16_08_17
polygon-bridged-usdt-polygon,usdt,Polygon Bridged USDT (Polygon),0.999074,842860646,99,12063149.0,1.001,0.99797,-0.000663097398272861,-0.06633,843938713.934573,843938713.934573,,1.027,-2.70613,21_03_2025_16_08_17
eos,eos,EOS,0.554222,839625921,100,124194042.0,0.562019,0.533447,-0.007671762496890944,-1.36534,1516885789.1746,2100000000.0,2100000000.0,22.71,-97.55938,21_03_2025_16_08_17
solv-protocol-solvbtc-bbn,solvbtc.bbn,Solv Protocol SolvBTC.BBN,83531.0,803920304,101,307606.0,85661.0,67207.0,-632.1077332628483,-0.75105,9638.553021866554,9636.291084359947,21000000.0,117077.0,-28.79272,21_03_2025_16_08_17
pancakeswap-token,cake,PancakeSwap,2.69,787578091,102,429772729.0,2.82,2.35,0.303083,12.70531,292717581.2830086,371863788.4628484,450000000.0,43.96,-93.87724,21_03_2025_16_08_17
mantle-staked-ether,meth,Mantle Staked Ether,2064.59,767257204,103,3472859.0,2115.48,2056.03,-27.942289517216977,-1.33533,371270.4293356592,371270.4293356592,,4729.53,-56.35836,21_03_2025_16_08_17
paypal-usd,pyusd,PayPal USD,0.9996,764561379,104,54909388.0,1.001,0.998958,-0.000376325755781726,-0.03763,764874103.758647,764874103.758647,,1.021,-2.07112,21_03_2025_16_08_17
wbnb,wbnb,Wrapped BNB,634.0,764277533,105,256518077.0,636.93,617.2,10.87,1.74449,1206177.333083855,1206177.333083855,,789.32,-19.67742,21_03_2025_16_08_17
binance-bridged-usdc-bnb-smart-chain,usdc,Binance Bridged USDC (BNB Smart Chain),1.0,749279637,106,90783227.0,1.003,0.997416,-0.000903232446880509,-0.0902,748999999.839804,748999999.839804,,1.031,-2.97697,21_03_2025_16_08_17
tether-gold,xaut,Tether Gold,3016.93,743749868,107,13818111.0,3052.68,3017.26,-25.815650492054374,-0.84843,246524.33,246524.33,,3056.54,-1.28193,21_03_2025_16_08_17
gala,gala,GALA,0.01650354,720791424,108,51338864.0,0.01726829,0.01644774,-0.000680162728984433,-3.95818,43615597445.91129,43615597445.91129,50000000000.0,0.824837,-97.99573,21_03_2025_16_08_17
tezos,xtz,Tezos,0.68511,710075362,110,16777933.0,0.715231,0.682566,-0.030121178645021063,-4.21139,1035523116.893178,1055774283.625721,,9.12,-92.46864,21_03_2025_16_08_17
berachain-bera,bera,Berachain,6.58,709921447,109,139506690.0,6.63,5.98,0.506288,8.3423,107989297.5953384,500509297.5953384,,14.83,-55.62924,21_03_2025_16_08_17
stargate-bridged-usdc-berachain,usdc.e,Stargate Bridged USDC (Berachain),0.999219,701447938,111,6397812.0,1.002,0.994901,0.00431837,0.43405,702312873.184966,702312873.184966,,1.031,-3.10614,21_03_2025_16_08_17
the-sandbox,sand,The Sandbox,0.279446,684237835,112,46430937.0,0.290854,0.278592,-0.008914661490618425,-3.0915,2445857126.2233224,3000000000.0,3000000000.0,8.4,-96.66431,21_03_2025_16_08_17
bittorrent,btt,BitTorrent,6.8533e-07,675825006,113,19592966.0,7.00049e-07,6.83381e-07,-8.981236162e-09,-1.29355,986061142857000.0,990000000000000.0,990000000000000.0,3.43e-06,-80.02262,21_03_2025_16_08_17
arbitrum-bridged-wbtc-arbitrum-one,wbtc,Arbitrum Bridged WBTC (Arbitrum One),83199.0,673248385,114,82041389.0,84639.0,83081.0,-1138.8795572441886,-1.35038,8082.22776434,8082.22776434,,108397.0,-23.02958,21_03_2025_16_08_17
bitcoin-cash-sv,bsv,Bitcoin SV,33.72,669116708,115,19515211.0,34.57,33.66,-0.7876168379938235,-2.28276,19840687.5,19840687.5,21000000.0,489.75,-93.11545,21_03_2025_16_08_17
iota,iota,IOTA,0.177289,653751448,116,19339494.0,0.185127,0.176986,-0.006972336794737327,-3.78394,3688810566.0,4600000000.0,,5.25,-96.62154,21_03_2025_16_08_17
pax-gold,paxg,PAX Gold,3038.72,650273444,117,59427127.0,3067.01,3038.21,-21.05808494083567,-0.68822,213972.366,213972.366,,3088.36,-1.6001,21_03_2025_16_08_17
flow,flow,Flow,0.41083,645590515,118,18850019.0,0.424331,0.4087,-0.013059137269848031,-3.08079,1571065878.3134,1571065878.3134,,42.4,-99.02945,21_03_2025_16_08_17
jito-governance-token,jto,Jito,2.07,637256873,119,27006903.0,2.16,2.07,-0.05767606578024198,-2.71214,307074422.6,1000000000.0,,6.01,-65.58053,21_03_2025_16_08_17
usdx-money-usdx,usdx,Stables Labs USDX,0.99816,624600981,120,367976.0,1.001,0.997276,-0.001561183622711182,-0.15616,625639074.3196492,625639074.3196492,,1.057,-5.57769,21_03_2025_16_08_17
jasmycoin,jasmy,JasmyCoin,0.01281748,620344210,121,67922872.0,0.0139007,0.01270278,-0.00106429185744372,-7.66683,48419999999.3058,50000000000.0,50000000000.0,4.79,-99.73187,21_03_2025_16_08_17
kaia,kaia,Kaia,0.105532,619025666,122,7919182.0,0.109665,0.105635,-0.00364090921954463,-3.335,5856641747.106198,5856641936.044253,,0.406698,-74.01168,21_03_2025_16_08_17
msol,msol,Marinade Staked SOL,160.25,615861967,123,36809158.0,164.64,160.25,-4.386754015516374,-2.66455,3834727.0,3834727.0,3836615.0,363.77,-55.85965,21_03_2025_16_08_17
renzo-restaked-eth,ezeth,Renzo Restaked ETH,2025.74,606735655,124,535591.0,2075.13,2017.25,-25.243058432061844,-1.23078,299469.307613543,299469.307613543,,4207.05,-51.85516,21_03_2025_16_08_17
floki,floki,FLOKI,6.044e-05,584648096,125,78076019.0,6.41e-05,6.047e-05,-2.705576640321e-06,-4.28438,9664731949532.0,10000000000000.0,10000000000000.0,0.00034495,-82.45605,21_03_2025_16_08_17
kava,kava,Kava,0.538473,583303183,126,39723205.0,0.574373,0.525805,0.0100159,1.89531,1082853482.0,1082853482.0,,9.12,-94.09007,21_03_2025_16_08_17
helium,hnt,Helium,3.21,577407307,127,5026731.0,3.23,3.02,0.073234,2.33218,179760921.9232821,223000000.0,223000000.0,54.88,-94.15002,21_03_2025_16_08_17
curve-dao-token,crv,Curve DAO,0.438928,571100977,128,85539030.0,0.444012,0.431805,-0.004864656363712971,-1.09616,1301470170.0,2239648801.965278,3030303031.0,15.37,-97.13915,21_03_2025_16_08_17
neo,neo,NEO,8.08,569559933,129,18359907.0,8.35,8.03,-0.25805418391414214,-3.09541,70530000.0,100000000.0,,198.38,-95.92343,21_03_2025_16_08_17
resolv-usr,usr,Resolv USR,1.0,550034400,130,14376185.0,1.0,0.999461,0.00060274,0.06029,549883945.949732,550273903.5169016,,1.022,-2.11385,21_03_2025_16_08_17
ethereum-name-service,ens,Ethereum Name Service,16.34,542678930,131,47371624.0,17.18,16.35,-0.7537533298682817,-4.41032,33165585.054507963,100000000.0,100000000.0,83.4,-80.37451,21_03_2025_16_08_17
telcoin,tel,Telcoin,0.00582334,535048321,132,3772183.0,0.00623893,0.00575083,-0.000384955575683664,-6.20066,91899666665.01,100000000000.0,100000000000.0,0.064483,-90.97213,21_03_2025_16_08_17
axie-infinity,axs,Axie Infinity,3.31,529309590,134,22150814.0,3.47,3.29,-0.11237581306713196,-3.28162,159666371.1240986,270000000.0,270000000.0,164.9,-97.98743,21_03_2025_16_08_17
jupiter-staked-sol,jupsol,Jupiter Staked SOL,137.24,527827685,133,4553603.0,140.99,137.35,-3.743399991000558,-2.65525,3846090.757550697,3846090.757550697,,309.67,-55.68254,21_03_2025_16_08_17
honey-3,honey,Honey,1.0,527271220,135,21411821.0,1.001,0.998236,-0.000620716002761368,-0.06202,527136574.5849083,527136574.5849083,,1.11,-9.94479,21_03_2025_16_08_17
pyth-network,pyth,Pyth Network,0.144211,523126605,136,23974642.0,0.151465,0.143692,-0.006145244005029749,-4.08711,3624988786.43857,10000000000.0,10000000000.0,1.2,-87.93527,21_03_2025_16_08_17
beldex,bdx,Beldex,0.075504,522022524,137,4129169.0,0.076753,0.074309,0.00050222,0.66961,6914471917.615063,9932491930.076174,,0.450785,-83.22332,21_03_2025_16_08_17
raydium,ray,Raydium,1.73,503797828,138,117756193.0,1.79,1.62,-0.058592769398839284,-3.27966,290847970.959334,555000000.0,555000000.0,16.83,-89.67985,21_03_2025_16_08_17
dydx-chain,dydx,dYdX,0.654928,498634318,139,15226637.0,0.675836,0.638703,-0.013068549208226199,-1.95638,761596239.790926,761597041.310401,1000000000.0,4.52,-85.52,21_03_2025_16_08_17
elrond-erd-2,egld,MultiversX,17.7,498082414,140,18736825.0,18.3,17.69,-0.28271325173597006,-1.57246,28044004.0,28044004.0,31415926.0,545.64,-96.74341,21_03_2025_16_08_17
true-usd,tusd,TrueUSD,0.998885,494950957,141,29943447.0,1.0,0.997884,-0.000246311851944458,-0.02465,495516083.0,495516083.0,,1.62,-38.28509,21_03_2025_16_08_17
zcash,zec,Zcash,30.61,488511473,142,69107374.0,34.0,29.97,-3.2189426774651935,-9.51466,15961247.0405448,15961328.2905448,21000000.0,3191.93,-99.03988,21_03_2025_16_08_17
decentraland,mana,Decentraland,0.258817,483231929,143,59990916.0,0.272556,0.258302,-0.011328376176886534,-4.19344,1867993771.9769301,2193179327.320146,2193179327.320146,5.85,-95.57132,21_03_2025_16_08_17
dogwifcoin,wif,dogwifhat,0.482965,482697463,144,191085306.0,0.528917,0.482714,-0.004980511945697874,-1.02071,998926392.0,998926392.0,998926392.0,4.83,-89.99186,21_03_2025_16_08_17
pumpbtc,pumpbtc,pumpBTC,82253.0,476489466,145,22611.0,82928.0,80446.0,312.28,0.3811,5789.19671588,5789.19671588,,107240.0,-23.24399,21_03_2025_16_08_17
ronin,ron,Ronin,0.760395,470893341,146,9139604.0,0.780882,0.754396,-0.014042640161944675,-1.81327,619389698.9641546,1000000000.0,1000000000.0,4.45,-82.91002,21_03_2025_16_08_17
mantle-restaked-eth,cmeth,Mantle Restaked ETH,2065.66,464180406,147,3474122.0,2115.85,2057.43,-27.269412266603013,-1.30293,224730.4590798218,224730.4590798218,,4298.87,-51.89185,21_03_2025_16_08_17
l2-standard-bridged-weth-base,weth,L2 Standard Bridged WETH (Base),1946.81,448853178,148,326024805.0,1994.0,1939.23,-26.219727899312602,-1.32891,230421.1967693394,230564.7719407687,,4096.05,-52.39047,21_03_2025_16_08_17
bridged-usdc-polygon-pos-bridge,usdc.e,Bridged USDC (Polygon PoS Bridge),0.999629,446471496,149,20510840.0,1.001,0.997329,-0.000447099384075833,-0.04471,446733109.512578,446733109.512578,,1.028,-2.78516,21_03_2025_16_08_17
virtual-protocol,virtual,Virtuals Protocol,0.681072,442393732,150,110544552.0,0.708828,0.647254,0.00695645,1.03194,649501196.0173594,1000000000.0,1000000000.0,5.07,-86.56917,21_03_2025_16_08_17
apenft,nft,APENFT,4.46728e-07,442187388,151,24286972.0,4.51021e-07,4.38459e-07,6.839e-09,1.55466,990105682877398.0,999990000000000.0,999990000000000.0,7.53e-06,-94.07076,21_03_2025_16_08_17
coredaoorg,core,Core,0.441632,438704731,153,19890152.0,0.467039,0.43659,-0.024844805371585843,-5.32606,997317404.5779766,2100000000.0,2100000000.0,6.14,-92.80967,21_03_2025_16_08_17
starknet,strk,Starknet,0.159748,438240579,152,30735502.0,0.169611,0.159771,-0.008735451713975578,-5.18474,2743505868.988425,10000000000.0,10000000000.0,4.41,-96.38087,21_03_2025_16_08_17
infrared-bera,ibera,Infrared Bera,6.36,435176038,154,334178.0,6.42,5.3,0.963355,17.8381,68387400.09612504,68387400.09612504,,7.98,-20.51076,21_03_2025_16_08_17
arweave,ar,Arweave,6.63,433626729,155,28673163.0,6.93,6.52,-0.2510716589985975,-3.65036,65454185.5381511,65454185.5381511,66000000.0,89.24,-92.57438,21_03_2025_16_08_17
conflux-token,cfx,Conflux,0.086379,433149865,156,45281620.0,0.090051,0.085356,-0.001446376895069809,-1.64688,5022870411.115054,5607335821.560164,,1.7,-94.9323,21_03_2025_16_08_17
ecash,xec,eCash,2.16e-05,428549003,157,19578712.0,2.22e-05,2.142e-05,-5.75463810045e-07,-2.59558,19840626547583.0,19840642172583.0,21000000000000.0,0.00038001,-94.312,21_03_2025_16_08_17
bitcoin-avalanche-bridged-btc-b,btc.b,Avalanche Bridged BTC (Avalanche),83379.0,425401303,158,17005197.0,84805.0,83349.0,-1120.6415989717789,-1.3262,5102.38088504,5102.38088504,,108820.0,-23.39179,21_03_2025_16_08_17
thorchain,rune,THORChain,1.21,424853329,159,132615533.0,1.25,1.17,-0.043060072033022756,-3.43614,351753771.0,425744956.0,500000000.0,20.87,-94.20892,21_03_2025_16_08_17
binance-peg-dogecoin,doge,Binance-Peg Dogecoin,0.165614,424430307,160,1091594.0,0.171239,0.164983,-0.004351764200791114,-2.56038,2564000000.0,2564000000.0,,0.480585,-65.52877,21_03_2025_16_08_17
super-oeth,superoethb,Super OETH,1947.98,421723128,161,105370.0,1994.53,1312.97,-23.242819449725403,-1.17911,215247.1893295472,215247.1893295472,,4099.87,-52.43576,21_03_2025_16_08_17
chiliz,chz,Chiliz,0.04424237,420461578,162,46474727.0,0.04590187,0.04427251,-0.001273103419892702,-2.79708,9479055351.0,9479141335.0,,0.878633,-94.95156,21_03_2025_16_08_17
clbtc,clbtc,clBTC,83648.0,418209447,163,3.9,84798.0,81763.0,-1150.004119135163,-1.35616,5000.0,5000.0,,104078.0,-19.54607,21_03_2025_16_08_17
arbitrum-bridged-weth-arbitrum-one,weth,Arbitrum Bridged WETH (Arbitrum One),1947.45,415766799,164,142844672.0,1994.63,1938.6,-22.94753674561639,-1.16462,213518.446350516,213518.446350516,,4097.16,-52.41478,21_03_2025_16_08_17
usdb,usdb,USDB,1.0,406079126,165,690185.0,1.008,0.98991,0.0066145,0.6658,406046631.5607005,406046631.5607005,,1.088,-8.08664,21_03_2025_16_08_17
hashnote-usyc,usyc,Hashnote USYC,1.08,405710635,166,12978.6,1.085,1.075,0.00247185,0.22932,375525781.512949,375525781.512949,,1.12,-3.26291,21_03_2025_16_08_17
apecoin,ape,ApeCoin,0.505196,404011582,167,45300996.0,0.534673,0.505791,-0.019708756978860986,-3.75473,799455492.0,1000000000.0,1000000000.0,26.7,-98.10522,21_03_2025_16_08_17
aerodrome-finance,aero,Aerodrome Finance,0.498293,399681611,169,10296013.0,0.516803,0.49836,-0.018510026512746525,-3.58164,801791923.9606292,1551378911.493113,,2.32,-78.48372,21_03_2025_16_08_17
pendle,pendle,Pendle,2.46,397616599,170,70684433.0,2.6,2.4,0.02943961,1.21003,161459075.3651774,258446028.2446348,258446028.2446348,7.5,-67.15243,21_03_2025_16_08_17
pudgy-penguins,pengu,Pudgy Penguins,0.00631586,397115190,168,73622617.0,0.00731942,0.00619699,-0.000985098071669356,-13.49272,62860396090.0,76724221264.32516,88888888888.0,0.068447,-90.70694,21_03_2025_16_08_17
spx6900,spx,SPX6900,0.425894,396483353,171,15210145.0,0.463692,0.419847,-0.006320473368615742,-1.46235,930993086.00641,930993086.00641,1000000000.0,1.72,-75.27499,21_03_2025_16_08_17
ousg,ousg,OUSG,110.39,394090019,172,0.0,110.39,110.37,0.012113,0.01097,3570098.968661651,3570098.968661651,,110.39,0.0,21_03_2025_16_08_17
plume,plume,Plume,0.192839,385243525,174,91434217.0,0.219291,0.184709,-0.026451393745250046,-12.06225,2000000000.0,10000000000.0,10000000000.0,0.247537,-21.85721,21_03_2025_16_08_17
ondo-us-dollar-yield,usdy,Ondo US Dollar Yield,1.088,385102140,173,426635.0,1.091,1.077,0.00740366,0.68513,353975274.4117421,545295072.497869,,1.26,-13.86419,21_03_2025_16_08_17
chain-2,xcn,Onyxcoin,0.01135637,375158061,175,24432246.0,0.01180652,0.01132407,-0.000450150619969749,-3.81273,32945784292.51072,48402437326.51888,48402437326.51888,0.184139,-93.82022,21_03_2025_16_08_17
stakewise-v3-oseth,oseth,StakeWise Staked ETH,2029.89,373048119,177,255932.0,2078.56,2022.51,-18.626704305345356,-0.90928,183760.2321542,183760.2321542,,4228.59,-51.99971,21_03_2025_16_08_17
compound-governance-token,comp,Compound,41.64,372490668,178,28666934.0,43.16,41.61,-1.0373126786585019,-2.43077,8939959.861731054,10000000.0,10000000.0,910.54,-95.42293,21_03_2025_16_08_17
axelar,axl,Axelar,0.397396,371839627,176,10357548.0,0.405068,0.391606,-0.001083738165976289,-0.27197,935758311.614117,1195165908.78921,,2.64,-84.94894,21_03_2025_16_08_17
trust-wallet-token,twt,Trust Wallet,0.883019,368304667,179,13337067.0,0.900298,0.877488,-0.004300962920161577,-0.48471,416649900.0,1000000000.0,,2.72,-67.53009,21_03_2025_16_08_17
olympus,ohm,Olympus,22.42,367359206,180,1221878.0,22.49,21.5,0.89194,4.14337,16376217.36631088,20949718.67258436,20950570.95883444,1415.26,-98.41502,21_03_2025_16_08_17
matic-network,matic,Polygon,0.204835,360011036,181,2388931.0,0.213359,0.204212,-0.007772633714767135,-3.65585,1757286442.2750995,10000000000.0,10000000000.0,2.92,-92.96857,21_03_2025_16_08_17
beam-2,beam,Beam,0.00673278,354121941,182,34298773.0,0.00723388,0.00666254,-0.000286652816047236,-4.0837,52561007898.0,61148853857.0,61148853857.0,0.04416304,-84.74197,21_03_2025_16_08_17
cgeth-hashkey-cloud,cgeth.hashkey,cgETH Hashkey Cloud,1974.04,351801577,183,19.33,2010.16,1971.63,-31.424328730519164,-1.56694,178228.0,178228.0,,3129.19,-36.90889,21_03_2025_16_08_17
fartcoin,fartcoin,Fartcoin,0.347119,350352051,184,92243250.0,0.3761,0.342107,-0.028981200018501574,-7.70572,999993235.687821,999993235.687821,1000000000.0,2.48,-85.68338,21_03_2025_16_08_17
tbtc,tbtc,tBTC,83282.0,350206941,185,4081576.0,84598.0,83218.0,-1118.445001941218,-1.32516,4183.21088814,4183.21088814,,108501.0,-22.83324,21_03_2025_16_08_17
frax,frax,Frax,0.99891,348489616,186,17611460.0,0.999144,0.998554,-7.7553490099413e-05,-0.00776,348870236.4813212,348870236.4813212,,1.14,-12.41139,21_03_2025_16_08_17
ether-fi-staked-eth,eeth,ether.fi Staked ETH,1944.41,348354203,187,7762.63,1992.35,1940.89,-18.7608263897082,-0.95564,179038.8998556991,2313391.666230693,,5307.23,-63.36572,21_03_2025_16_08_17
layerzero,zro,LayerZero,3.13,347847499,189,376716824.0,3.2,2.6,0.422482,15.60296,111152854.20763355,1000000000.0,1000000000.0,7.47,-58.25355,21_03_2025_16_08_17
amp-token,amp,Amp,0.0041201,346532200,188,40897708.0,0.00430435,0.00411285,-1.4227054493672e-05,-0.34412,84231346590.2867,99669205039.99,99669205039.99,0.120813,-96.59261,21_03_2025_16_08_17
terra-luna,lunc,Terra Luna Classic,6.332e-05,345085126,190,13432079.0,6.613e-05,6.303e-05,-1.621953366332e-06,-2.49767,5445374594828.045,6501159768497.175,,119.18,-99.99995,21_03_2025_16_08_17
grass,grass,Grass,1.23,341625466,191,44419022.0,1.32,1.23,-0.08368242834274953,-6.35619,275475576.0,1000000000.0,1000000000.0,3.89,-68.084,21_03_2025_16_08_17
lorenzo-stbtc,stbtc,Lorenzo stBTC,83056.0,337612131,192,35271.0,84206.0,82717.0,-940.4465051147126,-1.11963,4071.066338294009,4071.066338294009,,108549.0,-23.54587,21_03_2025_16_08_17
mantle-bridged-usdt-mantle,usdt,Mantle Bridged USDT (Mantle),0.997844,335231939,193,694722.0,1.004,0.994169,-0.00310912175303002,-0.31062,335981756.815993,335981756.815993,,1.26,-21.17898,21_03_2025_16_08_17
binance-peg-busd,busd,Binance-Peg BUSD,1.006,325036649,195,4781933.0,1.009,0.99878,0.00307352,0.30657,323477997.5096949,323477997.5096949,,1.064,-5.52722,21_03_2025_16_08_17
reserve-rights-token,rsr,Reserve Rights,0.00582196,324281678,194,25317038.0,0.00581717,0.00546943,9.255e-05,1.61539,55899740295.0,100000000000.0,100000000000.0,0.117424,-95.06017,21_03_2025_16_08_17
gnosis,gno,Gnosis,124.54,322498217,196,21628348.0,127.6,124.17,-2.5428584418216644,-2.00096,2589589.0,3000000.0,3000000.0,644.2,-80.62473,21_03_2025_16_08_17
kaito,kaito,KAITO,1.33,321820359,197,141789407.0,1.42,1.33,-0.00076073432978685,-0.05705,241388889.0,1000000000.0,1000000000.0,2.88,-53.65455,21_03_2025_16_08_17
morpho,morpho,Morpho,1.34,315583273,199,9559941.0,1.36,1.3,0.00386857,0.29047,236195852.51086935,1000000000.0,1000000000.0,4.17,-67.9547,21_03_2025_16_08_17
auction,auction,Bounce,47.79,315261382,198,465502215.0,49.23,43.14,0.705596,1.49852,6590142.132785994,7640769.133119754,10000000.0,70.44,-31.95758,21_03_2025_16_08_17
mina-protocol,mina,Mina Protocol,0.257249,314306381,200,13493842.0,0.263813,0.254856,-0.005241115707954103,-1.99669,1221262757.840039,1221262757.840039,,9.09,-97.16703,21_03_2025_16_08_17
stakestone-berachain-vault-token,berastone,StakeStone Berachain Vault Token,1929.9,311203053,202,169666.0,1977.24,1922.21,-25.37237765436157,-1.29764,161179.7194666344,161179.7194666344,,3453.2,-44.04002,21_03_2025_16_08_17
based-brett,brett,Brett,0.03137471,310895433,201,22425147.0,0.0332976,0.03125378,-0.001377025172959158,-4.20443,9909894102.635809,9909894102.635809,9999998988.0,0.234204,-86.58789,21_03_2025_16_08_17
just,jst,JUST,0.03114664,309035498,203,31125137.0,0.03123439,0.03013698,0.0009334,3.08937,9900000000.0,9900000000.0,9900000000.0,0.193254,-83.83852,21_03_2025_16_08_17
verus-coin,vrsc,Verus,3.91,307374441,205,998.3,4.0,3.91,-0.016131701056655512,-0.41067,78551297.97680476,78554674.07174735,83540184.0,6.74,-41.93005,21_03_2025_16_08_17
cheems-token,cheems,Cheems Token,1.5e-06,306998256,204,8615750.0,1.52e-06,1.35e-06,9.7265e-08,6.91176,203672952116214.47,203672952116214.47,219776051832671.0,1.52e-06,-0.81594,21_03_2025_16_08_17
aioz-network,aioz,AIOZ Network,0.265536,304880188,206,8810473.0,0.28146,0.264968,-0.012746188156124216,-4.58031,1147403329.169904,1164396978.965855,,2.65,-89.97501,21_03_2025_16_08_17
polygon-pos-bridged-weth-polygon-pos,weth,Polygon PoS Bridged WETH (Polygon POS),1948.07,294734374,207,8492534.0,1994.59,1939.48,-24.879110043927994,-1.26101,151195.2845414136,151195.2845414136,,4090.99,-52.36463,21_03_2025_16_08_17
akash-network,akt,Akash Network,1.18,292152288,208,8485830.0,1.21,1.17,-0.021675054881272304,-1.79635,247443076.710739,248288195.807791,388539008.0,8.07,-85.34443,21_03_2025_16_08_17
coinbase-wrapped-staked-eth,cbeth,Coinbase Wrapped Staked ETH,2127.02,285198278,209,4036636.0,2177.57,2119.64,-25.73141856741813,-1.19528,134134.9773261439,373334.0782232124,,4434.57,-52.03245,21_03_2025_16_08_17
havven,snx,Synthetix Network,0.833445,283238522,210,18864277.0,0.882932,0.830039,-0.03414026007002291,-3.93509,339466216.9903987,339889850.0887736,339889850.0887736,28.53,-97.07361,21_03_2025_16_08_17
1inch,1inch,1inch,0.204044,281090012,211,17381543.0,0.20901,0.201741,-0.002221965311627827,-1.07724,1377488722.816307,1499999999.997,1499999999.997,8.65,-97.63714,21_03_2025_16_08_17
dash,dash,Dash,22.93,279478066,212,26751216.0,24.1,22.86,-0.9095796659018127,-3.81513,12186057.85975269,12186149.63464478,18920000.0,1493.59,-98.46347,21_03_2025_16_08_17
mx-token,mx,MX,2.93,277758661,213,14751341.0,2.96,2.91,-0.01107324623173822,-0.37692,94954334.0,418391834.0,,5.85,-50.03855,21_03_2025_16_08_17
ether-fi-staked-btc,ebtc,Ether.fi Staked BTC,83991.0,277610266,214,413758.0,84876.0,83235.0,-732.0316723682772,-0.86403,3304.14263488,3304.14263488,,109069.0,-23.11143,21_03_2025_16_08_17
kusama,ksm,Kusama,16.91,275917723,215,11510320.0,17.66,16.86,-0.6350306952870604,-3.61856,16260819.74620799,16260837.3060137,,621.71,-97.27025,21_03_2025_16_08_17
stader-ethx,ethx,Stader ETHx,2052.19,274805437,216,2529581.0,2103.26,2042.51,-24.034609248867127,-1.15761,133873.6040554258,133873.6040554258,,4275.3,-51.99786,21_03_2025_16_08_17
golem,glm,Golem,0.274632,274749323,217,17448162.0,0.287347,0.274145,-0.005908192843581572,-2.106,1000000000.0,1000000000.0,,1.32,-79.24466,21_03_2025_16_08_17
eigenlayer,eigen,Eigenlayer,1.12,273709420,218,26568404.0,1.18,1.11,-0.02475922776559769,-2.16379,244494078.48882574,1714844124.734743,,5.65,-80.17395,21_03_2025_16_08_17
creditcoin-2,ctc,Creditcoin,0.627033,272556259,219,18625392.0,0.635352,0.615935,-0.00726018195922784,-1.14461,434416053.0,599999997.0,,8.67,-92.75696,21_03_2025_16_08_17
polygon-bridged-wbtc-polygon-pos,wbtc,Polygon Bridged WBTC (Polygon POS),83410.0,267577427,220,6963508.0,84594.0,83172.0,-942.1641383207607,-1.11694,3206.41819365,3206.41819365,,108124.0,-22.73781,21_03_2025_16_08_17
safepal,sfp,SafePal,0.530818,265421333,221,7409506.0,0.545112,0.530616,-0.010085855862239979,-1.86463,500000000.0,500000000.0,500000000.0,4.19,-87.32131,21_03_2025_16_08_17
theta-fuel,tfuel,Theta Fuel,0.03811899,262410663,223,1543111.0,0.03872012,0.0378201,-0.000262166115291118,-0.68306,6880661583.0,6881108441.0,,0.68159,-94.40303,21_03_2025_16_08_17
sats-ordinals,sats,SATS (Ordinals),1.24274e-07,261122841,224,22780077.0,1.2634e-07,1.20531e-07,3.505e-09,2.90257,2100000000000000.0,2100000000000000.0,2100000000000000.0,9.22983e-07,-86.53581,21_03_2025_16_08_17
solayer,layer,Solayer,1.23,258663552,222,231570870.0,1.28,1.007,0.206776,20.16124,210000000.0,1000000000.0,1000000000.0,1.41,-11.05015,21_03_2025_16_08_17
zksync,zk,ZKsync,0.070364,258587437,225,29773802.0,0.072339,0.069584,-0.001450961024748149,-2.02042,3675000000.0,21000000000.0,21000000000.0,0.320983,-78.07858,21_03_2025_16_08_17
sweth,sweth,Swell Ethereum,2111.55,256245796,226,517116.0,2163.11,2102.52,-28.04771762396922,-1.31089,121323.095741077,121326.478319651,,4395.57,-51.94006,21_03_2025_16_08_17
aethir,ath,Aethir,0.03224415,254696502,227,12389675.0,0.0333541,0.03211649,-0.00089926007220862,-2.71324,7899322677.0,42000000000.0,42000000000.0,0.118536,-72.80643,21_03_2025_16_08_17
sonic-bridged-usdc-e-sonic,usdc.e,Sonic Bridged USDC.e (Sonic),0.999795,253731593,228,35285362.0,1.003,0.996947,-0.000300201303185976,-0.03002,253802389.651423,253802389.651423,,1.046,-4.41966,21_03_2025_16_08_17
quorium,qgold,Quorium,3017.75,253497973,229,99342.0,3045.03,3017.73,-22.694179221720333,-0.74641,84000.0,84000.0,,3572.74,-15.53449,21_03_2025_16_08_17
frax-ether,frxeth,Frax Ether,1944.02,252770411,230,2326170.0,2010.19,1939.7,-27.136393173226224,-1.37668,129137.4001940498,129137.4001940498,,4084.25,-52.04861,21_03_2025_16_08_17
usdd,usdd,USDD,1.0,249090853,231,5159052.0,1.005,0.999379,0.00068468,0.06849,249026923.0,249635337.0,,1.052,-4.88002,21_03_2025_16_08_17
meow,meow,MEOW,0.00274103,248922870,232,981477.0,0.00288448,0.00239061,0.00034543,14.4194,89999913718.34523,89999913718.34523,90000000000.0,0.01085385,-74.5473,21_03_2025_16_08_17
notcoin,not,Notcoin,0.00241082,246991756,233,110022184.0,0.00260103,0.00239772,-5.61914984384e-05,-2.27771,102456956984.5639,102456956984.5639,,0.02836145,-91.49894,21_03_2025_16_08_17
zilliqa,zil,Zilliqa,0.01242775,245062077,234,12829657.0,0.01290983,0.01235896,-0.000317099255290661,-2.48806,19677308684.35634,20360064558.52866,21000000000.0,0.255376,-95.11924,21_03_2025_16_08_17
venom,venom,Venom,0.117264,239490447,235,832013.0,0.118965,0.1172,-0.000912630043969298,-0.77226,2042417245.664821,7275337020.37,8000000000.0,0.782403,-85.01043,21_03_2025_16_08_17
elixir-deusd,deusd,Elixir deUSD,0.999363,238739475,237,10696895.0,0.999814,0.999053,-0.000226531443983435,-0.02266,238893761.9899999,238443086.99,,1.04,-3.95064,21_03_2025_16_08_17
astar,astr,Astar,0.03129701,238675147,236,4840459.0,0.03248242,0.03120089,-0.00102423312686916,-3.16892,7620631544.0,8378364662.0,,0.421574,-92.56792,21_03_2025_16_08_17
blur,blur,Blur,0.104433,236043500,239,18050858.0,0.108345,0.104122,-0.003171017900759951,-2.94693,2255655817.161339,3000000000.0,3000000000.0,5.02,-97.91707,21_03_2025_16_08_17
wormhole,w,Wormhole,0.08095,235896567,238,43454675.0,0.084232,0.080156,-0.002652427738554106,-3.17266,2914345307.0,10000000000.0,10000000000.0,1.66,-95.11731,21_03_2025_16_08_17
compound-wrapped-btc,cwbtc,cWBTC,1675.7,235181603,240,0.0,1701.36,1671.37,-22.48069887193492,-1.32381,140216.01203661,140216.01203661,,2187.46,-23.32281,21_03_2025_16_08_17
snek,snek,Snek,0.00307844,229136990,241,1358685.0,0.00330438,0.00306756,-0.000224223949749944,-6.78918,74439830695.0,75389830711.0,76715880000.0,0.00895508,-65.61626,21_03_2025_16_08_17
nervos-network,ckb,Nervos Network,0.00493767,228872762,242,16101261.0,0.00513808,0.00492847,-0.000106328759493243,-2.10802,46166059271.85892,46895442974.76002,,0.04370633,-88.65539,21_03_2025_16_08_17
echelon-prime,prime,Echelon Prime,4.06,228414306,244,4114897.0,4.34,4.03,-0.1732858772860597,-4.09536,56275088.3581,111111111.0,111111111.0,28.0,-85.50135,21_03_2025_16_08_17
safe,safe,Safe,0.411938,228045573,243,13408496.0,0.426106,0.408021,-0.001925193028151528,-0.46518,553636279.0,1000000000.0,1000000000.0,3.56,-88.40933,21_03_2025_16_08_17
wemix-token,wemix,WEMIX,0.544652,227861035,245,3699269.0,0.550857,0.533374,0.00581695,1.07954,418644667.6551715,538238491.9026076,590000000.0,24.71,-97.79991,21_03_2025_16_08_17
qtum,qtum,Qtum,2.14,226631162,246,20153553.0,2.24,2.14,-0.09045719827641241,-4.04722,105569874.0,107822406.0,,100.22,-97.8548,21_03_2025_16_08_17
dydx,ethdydx,dYdX,0.655955,224885745,247,12945511.0,0.676158,0.63902,-0.010275850535377717,-1.54239,343121401.86708385,343121401.86708385,1000000000.0,27.86,-97.64578,21_03_2025_16_08_17
basic-attention-token,bat,Basic Attention,0.146674,219668347,248,14420907.0,0.154118,0.146037,-0.007329158936184771,-4.7591,1495668356.9526057,1500000000.0,1500000000.0,1.9,-92.26274,21_03_2025_16_08_17
arkham,arkm,Arkham,0.564205,219058425,249,78568860.0,0.584726,0.550177,0.00930701,1.67725,387771388.0,1000000000.0,1000000000.0,3.98,-85.80702,21_03_2025_16_08_17
mask-network,mask,Mask Network,2.18,217606009,250,29929800.0,2.19,2.16,0.00850588,0.39257,100000000.0,100000000.0,100000000.0,41.45,-94.7445,21_03_2025_16_08_17
0x,zrx,0x Protocol,0.255788,216919270,252,38596616.0,0.268819,0.25493,-0.009337193632234564,-3.52181,848396562.906836,1000000000.0,1000000000.0,2.5,-89.74686,21_03_2025_16_08_17
baby-doge-coin,babydoge,Baby Doge Coin,1.309e-09,216880210,251,13082289.0,1.356e-09,1.301e-09,-1.3443142e-11,-1.01655,1.6546433246182762e+17,4.2e+17,4.2e+17,6.498e-09,-79.81017,21_03_2025_16_08_17
vana,vana,Vana,7.0,215165656,253,215183249.0,7.76,6.32,0.470564,7.20663,30800000.0,120000000.0,120000000.0,35.23,-80.1008,21_03_2025_16_08_17
whiterock,white,WhiteRock,0.00032993,214474942,254,916680.0,0.00035064,0.00031742,-8.065830716116e-06,-2.38639,650000000000.0,1000000000000.0,1000000000000.0,0.00151316,-78.27203,21_03_2025_16_08_17
vethor-token,vtho,VeThor,0.00243578,213067944,255,3872254.0,0.00256741,0.00243037,-0.000131636505466089,-5.1272,87465135256.0,87500428500.0,,0.04671227,-94.78237,21_03_2025_16_08_17
gho,gho,GHO,0.999654,212491262,256,23264229.0,0.99978,0.99933,-3.27938601975e-05,-0.00328,212577962.9472254,212590162.9472254,,1.03,-2.9345,21_03_2025_16_08_17
oasis-network,rose,Oasis,0.03155005,212396312,257,9832490.0,0.03240256,0.03118175,-0.000754509408946162,-2.33561,6729795897.58809,10000000000.0,10000000000.0,0.597347,-94.71287,21_03_2025_16_08_17
bybit-staked-sol,bbsol,Bybit Staked SOL,134.04,212136599,258,1957558.0,137.84,133.97,-3.8001649139447693,-2.75699,1578377.422321598,1578377.422321598,,308.6,-56.4132,21_03_2025_16_08_17
btse-token,btse,BTSE Token,1.3,210462583,259,2252201.0,1.32,1.27,0.03280319,2.58942,162061501.0,200000000.0,200000000.0,9.21,-85.90468,21_03_2025_16_08_17
abtc,abtc,aBTC,83394.0,209868163,260,290640.0,85146.0,82973.0,-1173.8563327347802,-1.38807,2520.0309209951,2520.0309209951,,108378.0,-23.20251,21_03_2025_16_08_17
liquid-staked-ethereum,lseth,Liquid Staked ETH,2087.58,208677893,262,127815.0,2136.2,2078.79,-30.35365036229814,-1.43317,99896.65752954887,99896.65752954887,,4332.67,-51.81298,21_03_2025_16_08_17
stargate-finance,stg,Stargate Finance,0.21487,208597298,261,8539433.0,0.218425,0.208644,0.00370098,1.75261,971464728.370142,1000000000.0,1000000000.0,4.14,-94.81284,21_03_2025_16_08_17
livepeer,lpt,Livepeer,5.31,207724915,263,19141331.0,5.51,5.31,-0.14362813198161994,-2.63152,39017352.8894745,39017352.8894745,39017352.8894745,99.03,-94.6237,21_03_2025_16_08_17
usda-2,usda,USDa,0.996617,207167675,264,38813.0,0.998446,0.993121,-7.3236868556203e-05,-0.00735,207930004.1244931,207930004.1244931,,1.021,-2.50726,21_03_2025_16_08_17
osmosis,osmo,Osmosis,0.284726,204217581,265,8363781.0,0.294844,0.281495,-0.010117989885852052,-3.43164,717058931.549017,997434250.359617,1000000000.0,11.25,-97.46633,21_03_2025_16_08_17
bnb48-club-token,koge,KOGE,60.01,203321511,267,102363.0,60.72,58.38,1.18,2.00505,3388228.43399526,3388228.43399526,3441121.42456221,76.94,-22.08693,21_03_2025_16_08_17
celo,celo,Celo,0.358393,203162458,266,14486603.0,0.365628,0.356385,-0.00177331248674345,-0.49236,565268025.0,1000000000.0,1000000000.0,9.82,-96.33898,21_03_2025_16_08_17
ordinals,ordi,ORDI,9.64,202485564,268,41121813.0,10.03,9.47,-0.14952569196289467,-1.52813,21000000.0,21000000.0,,95.52,-89.91185,21_03_2025_16_08_17
chex-token,chex,CHEX Token,0.201116,201071791,269,1487418.0,0.207495,0.197334,-0.004626214781200261,-2.24855,998922000.0508358,998922000.0508358,1000000000.0,0.804342,-74.9772,21_03_2025_16_08_17
ai-companions,aic,AI Companions,0.200707,200889040,270,5480339.0,0.211145,0.200691,-0.006016486329945919,-2.91041,1000000000.0,1000000000.0,1000000000.0,0.544605,-62.96259,21_03_2025_16_08_17
ai16z,ai16z,ai16z,0.179049,197296168,271,38850708.0,0.188439,0.171337,-0.006015139149471965,-3.2503,1099998788.101114,1099998788.101114,1099999958.01,2.47,-92.68966,21_03_2025_16_08_17
superfarm,super,SuperVerse,0.432162,195314876,272,10079445.0,0.455512,0.429244,-0.021407566429964997,-4.7198,451694843.416917,999998077.4169172,999998077.4169172,4.74,-90.85957,21_03_2025_16_08_17
decred,dcr,Decred,11.69,195102325,274,2790954.0,12.05,11.5,-0.2632651311675982,-2.20167,16692136.72483255,16692295.27744399,21000000.0,247.35,-95.27002,21_03_2025_16_08_17
instadapp,fluid,Fluid,4.94,194672003,275,1311883.0,5.05,4.89,-0.10982300041306825,-2.17458,39436803.20056228,100000000.0,100000000.0,24.4,-79.76479,21_03_2025_16_08_17
origintrail,trac,OriginTrail,0.389593,194507151,273,4250519.0,0.412123,0.380899,-0.003178036194279532,-0.80913,499295031.602,500000000.0,500000000.0,3.5,-88.83608,21_03_2025_16_08_17
holotoken,hot,Holo,0.00109193,194070529,276,8985050.0,0.00114285,0.00109083,-4.9002746712975e-05,-4.29498,177619433541.1413,177619433541.1413,,0.03126682,-96.50327,21_03_2025_16_08_17
rollbit-coin,rlb,Rollbit Coin,0.088456,193377081,277,391586.0,0.088699,0.087073,0.00022389,0.25375,2186089627.656736,2186089627.656736,5000000000.0,0.264358,-66.52075,21_03_2025_16_08_17
mimblewimblecoin,mwc,MimbleWimbleCoin,17.51,192232291,278,183611.0,17.62,16.91,0.481334,2.82611,10977120.6069404,10977121.8569404,20000000.0,38.81,-54.87331,21_03_2025_16_08_17
dog-go-to-the-moon-rune,dog,Dog (Bitcoin),0.00191376,191604132,279,7196169.0,0.00197973,0.00188728,-3.9738718936556e-05,-2.03423,100000000000.0,100000000000.0,100000000000.0,0.0099237,-80.71674,21_03_2025_16_08_17
gas,gas,Gas,2.91,189860944,280,6638413.0,3.02,2.91,-0.08141139119804652,-2.71969,65093580.54427269,65093580.54427269,,91.94,-96.82717,21_03_2025_16_08_17
deep,deep,DeepBook,0.075511,188634299,281,8948018.0,0.081198,0.075335,-0.005451995281581662,-6.73395,2500000000.0,10000000000.0,10000000000.0,0.341085,-77.8832,21_03_2025_16_08_17
siacoin,sc,Siacoin,0.00335255,187851960,282,26240590.0,0.00352328,0.00331961,-0.000132257727114084,-3.79527,56025636522.07519,59903145676.30304,,0.092868,-96.38708,21_03_2025_16_08_17
drift-protocol,drift,Drift Protocol,0.638225,186633013,283,53262878.0,0.642344,0.592908,0.02526052,4.12104,292128792.076795,1000000000.0,1000000000.0,2.6,-75.60548,21_03_2025_16_08_17
frax-share,fxs,Frax Share,2.1,186211325,284,15251520.0,2.17,2.08,-0.0449364364422693,-2.09965,88822352.6726602,99681495.5911336,99681495.5911336,42.8,-95.09858,21_03_2025_16_08_17
swissborg,borg,SwissBorg,0.18899,185796905,285,13760323.0,0.197997,0.186566,-0.006580705944221499,-3.36488,983102443.442,983102443.442,1000000000.0,1.64,-88.52068,21_03_2025_16_08_17
staked-frax-ether,sfrxeth,Staked Frax Ether,2170.24,183854874,286,1713339.0,2225.81,2164.04,-26.98173471254131,-1.22799,84716.41291006068,84716.41291006068,,7545.09,-71.2334,21_03_2025_16_08_17
gmt-token,gomining,GoMining Token,0.442644,183730284,289,20059060.0,0.449177,0.433255,-0.000935656233360893,-0.21093,410594258.3681013,410594258.3681013,436915240.0,0.564703,-21.0134,21_03_2025_16_08_17
ravencoin,rvn,Ravencoin,0.01217924,182337642,287,9042164.0,0.01249421,0.01209243,-0.000198288029839436,-1.602,14946276336.78237,14951723836.78237,21000000000.0,0.285218,-95.72038,21_03_2025_16_08_17
mocaverse,moca,Moca Network,0.095145,182242499,288,31246239.0,0.098466,0.09302,0.00130511,1.39078,1910643118.28,8888888888.0,8888888888.0,0.477373,-79.97215,21_03_2025_16_08_17
aelf,elf,aelf,0.243928,180343018,290,16125163.0,0.251925,0.242844,-0.004289611345135474,-1.72816,739281232.6244127,996446897.9027226,1000000000.0,2.6,-90.61665,21_03_2025_16_08_17
popcat,popcat,Popcat,0.183424,179996945,291,32909818.0,0.19705,0.182772,-0.009266480576306413,-4.809,979978669.96,979978669.96,979978694.0,2.05,-91.07057,21_03_2025_16_08_17
act-i-the-ai-prophecy,act,Act I The AI Prophecy,0.188613,178958388,292,36061489.0,0.190077,0.188004,-0.000416295436446723,-0.22023,948245528.124166,948245528.124166,1000000000.0,0.919768,-79.42738,21_03_2025_16_08_17
orca,orca,Orca,3.21,178481762,295,896496880.0,5.06,1.55,1.63,103.27311,55776561.0,100000000.0,100000000.0,20.33,-84.36589,21_03_2025_16_08_17
apf-coin,apfc,APF coin,1.047,178357298,293,2891187.0,1.085,1.046,-0.03470482382386453,-3.20776,170268683.7504873,250000000.0,250000000.0,1.15,-8.96602,21_03_2025_16_08_17
trip,trip,Trip,6.02,177693031,294,1754.99,6.08,5.93,0.03543412,0.59175,29500000.0,98000000.0,100000000.0,6.28,-4.15089,21_03_2025_16_08_17
redstone-oracles,red,RedStone,0.629953,176332624,296,70731884.0,0.685185,0.614648,-0.044284058507835455,-6.56802,280000000.0,1000000000.0,1000000000.0,0.932461,-32.43906,21_03_2025_16_08_17
chia,xch,Chia,12.09,174944026,297,3810901.0,12.79,12.07,-0.38917532920879516,-3.11967,14469152.65564518,32844154.17355565,,1645.12,-99.26448,21_03_2025_16_08_17
ankr,ankr,Ankr Network,0.01740218,174261488,298,12202290.0,0.01821186,0.01736385,-0.000760569897810658,-4.18753,10000000000.0,10000000000.0,10000000000.0,0.213513,-91.83281,21_03_2025_16_08_17
peanut-the-squirrel,pnut,Peanut the Squirrel,0.174241,174172790,299,145870856.0,0.177718,0.161562,0.00103389,0.59691,999858912.07,999858912.07,999858912.07,2.44,-92.8387,21_03_2025_16_08_17
bridged-wrapped-ether-starkgate,eth,Bridged Ether (StarkGate),1949.44,172976138,300,949047.0,1993.65,1939.85,-22.719221746008316,-1.152,88705.5035364683,88705.5035364683,,4096.66,-52.39565,21_03_2025_16_08_17
benqi-liquid-staked-avax,savax,BENQI Liquid Staked AVAX,21.98,172269362,302,1003709.0,22.79,21.95,-0.42262067150268123,-1.88639,7831795.792321592,7831795.792321592,,103.55,-78.75135,21_03_2025_16_08_17
yearn-finance,yfi,yearn.finance,5102.31,172127379,303,27107276.0,5277.44,5101.84,-65.02419346946044,-1.25837,33749.665163159254,36666.0,36666.0,90787.0,-94.37801,21_03_2025_16_08_17
mog-coin,mog,Mog Coin,4.39627e-07,171948545,301,11675844.0,4.6722e-07,4.34991e-07,-2.5835981636e-08,-5.5506,390567524379062.56,390567524379062.56,420690000000000.0,4.02e-06,-89.04458,21_03_2025_16_08_17
agentfun-ai,agentfun,AgentFun.AI,1.7,170050407,304,6154.31,1.75,1.69,-0.0352369045442158,-2.03095,100000000.0,100000000.0,100000000.0,25.25,-93.27312,21_03_2025_16_08_17
ripple-usd,rlusd,Ripple USD,0.99996,169747994,307,20073792.0,1.002,0.998052,0.00126342,0.12651,169692685.84,169692685.84,,1.073,-6.80843,21_03_2025_16_08_17
nem,xem,NEM,0.0188598,169727186,305,19313851.0,0.01946539,0.01879631,-0.000545587580027478,-2.81153,8999999999.0,8999999999.0,,1.87,-98.98997,21_03_2025_16_08_17
ket,ket,Ket,0.169471,169652021,306,6707228.0,0.196958,0.166608,-0.02748742790672659,-13.95598,1000000000.0,1000000000.0,1000000000.0,0.530549,-68.06906,21_03_2025_16_08_17
resolv-wstusr,wstusr,Resolv wstUSR,1.063,168821865,308,3.98,1.074,1.059,0.00152312,0.14347,158750897.7759333,158750897.7759333,,1.11,-3.95081,21_03_2025_16_08_17
rcge,$rcge,RCGE,0.01421518,168805259,309,2.43,,,,,11875000000.0,11875000000.0,11875000000.0,0.01431813,-0.719,21_03_2025_16_08_17
cat-in-a-dogs-world,mew,cat in a dogs world,0.00188388,167699221,310,16422137.0,0.00196033,0.00188018,-6.7237094442374e-05,-3.44608,88888888888.88,88888888888.88,88888888888.88,0.01288153,-85.37652,21_03_2025_16_08_17
threshold-network-token,t,Threshold Network,0.01642242,166161834,311,8040593.0,0.01680917,0.01629502,-0.00036918189616476,-2.19861,10126069957.18457,11155000000.0,,0.226934,-92.75838,21_03_2025_16_08_17
global-dollar,usdg,Global Dollar,0.999927,165882020,312,126991.0,1.0,0.999749,8.491e-05,0.00849,165853721.58,165853721.58,,1.65,-39.5646,21_03_2025_16_08_17
sun-token,sun,Sun Token,0.01673186,164582076,313,50555176.0,0.0170711,0.01649428,0.00011087,0.66704,9825103265.096413,19900730000.0,,66.45,-99.97474,21_03_2025_16_08_17
convex-finance,cvx,Convex Finance,2.0,163708816,314,15463016.0,2.04,1.98,-0.0074279999665392,-0.37072,81990703.72425415,99857187.25993238,100000000.0,60.09,-96.6743,21_03_2025_16_08_17
hivemapper,honey,Hivemapper,0.0395281,163315849,315,1223632.0,0.03991413,0.03798587,-0.000364535574743238,-0.91379,4131896914.213271,6424958083.695491,10000000000.0,0.376287,-89.49125,21_03_2025_16_08_17
treehouse-eth,teth,Treehouse ETH,2332.51,162875625,316,533569.0,2388.75,2325.65,-25.034373017500002,-1.06188,69801.00644302748,69801.00644302748,,4837.52,-51.73069,21_03_2025_16_08_17
woo-network,woo,WOO,0.084225,161634168,318,10011491.0,0.086774,0.083061,-0.002278883953911737,-2.63444,1918868005.037396,2218868005.037396,2218868005.037396,1.78,-95.25628,21_03_2025_16_08_17
uxlink,uxlink,UXLINK,0.477024,161393056,319,352568438.0,0.510789,0.475894,-0.017210218339790473,-3.4822,338200000.0,1000000000.0,1000000000.0,3.68,-87.05263,21_03_2025_16_08_17
ethereum-pow-iou,ethw,EthereumPoW,1.5,161315245,317,10500854.0,1.51,1.43,0.056861,3.95053,107818717.04993,107818717.04993,,58.54,-97.43709,21_03_2025_16_08_17
enjincoin,enj,Enjin Coin,0.088526,160912666,320,16287751.0,0.091568,0.088103,-0.003041098398620865,-3.32115,1817721421.002933,1880601259.893975,,4.82,-98.15819,21_03_2025_16_08_17
magic-eden,me,Magic Eden,1.2,160521405,321,59124144.0,1.2,1.097,0.086561,7.73974,133383496.180028,1000000000.0,1000000000.0,17.0,-92.97545,21_03_2025_16_08_17
iotex,iotx,IoTeX,0.01694412,159971488,322,6942711.0,0.01757151,0.01691146,-0.000510570226914434,-2.92512,9441369057.0,9441369062.0,10000000000.0,0.255593,-93.36023,21_03_2025_16_08_17
coinex-token,cet,CoinEx,0.058942,159693692,323,80364.0,0.059154,0.058533,0.00023821,0.40579,2708541034.87,2708541034.87,10000000000.0,0.150293,-60.79425,21_03_2025_16_08_17
skale,skl,SKALE,0.02724222,157492220,324,26274369.0,0.0283679,0.02689996,-0.000653201875838845,-2.34161,5775852671.0,6076000000.0,7000000000.0,1.22,-97.75335,21_03_2025_16_08_17
tribe-2,tribe,Tribe,0.344014,156589421,325,58248.0,0.347595,0.341174,0.00266472,0.78064,455015530.80485964,1000000000.0,1000000000.0,2.45,-85.94756,21_03_2025_16_08_17
constellation-labs,dag,Constellation,0.04409025,156118715,326,2000770.0,0.0445525,0.04391307,-0.000436117738754058,-0.97946,3549997434.97413,3550000000.0,,0.451761,-90.25212,21_03_2025_16_08_17
zetachain,zeta,ZetaChain,0.209835,153525869,327,9212263.0,0.217635,0.209048,-0.005826289114165467,-2.70159,731645833.0,2100000000.0,2100000000.0,2.85,-92.63755,21_03_2025_16_08_17
xyo-network,xyo,XYO Network,0.01090549,151483843,329,10100214.0,0.01140743,0.01074209,-0.000501934381099897,-4.40007,13931216938.01129,13931216938.01129,13931216938.01129,0.081391,-86.62656,21_03_2025_16_08_17
lcx,lcx,LCX,0.160323,151416631,330,1309888.0,0.170383,0.15422,-0.009372462713865604,-5.52309,940989527.0,950000000.0,950000000.0,0.563966,-71.45802,21_03_2025_16_08_17
turbo,turbo,Turbo,0.00218544,151022604,328,27640562.0,0.00237125,0.00218594,-0.0001424848655247,-6.12067,69000000000.0,69000000000.0,69000000000.0,0.01431669,-84.71839,21_03_2025_16_08_17
freysa-ai,fai,Freysa AI,0.01837922,150802820,331,5350555.0,0.02446175,0.01817726,-0.006082536337276956,-24.86549,8189700000.0,8189700000.0,8189700000.0,0.080047,-77.06591,21_03_2025_16_08_17
elixir-staked-deusd,sdeusd,Elixir Staked deUSD,1.031,150299988,332,337867.0,1.031,1.03,-0.000386599235700835,-0.03749,145822258.0092648,145821722.8558219,,1.13,-8.65956,21_03_2025_16_08_17
polymesh,polyx,Polymesh,0.130051,148885238,333,2396443.0,0.136625,0.129857,-0.005906026309189183,-4.34402,1144305458.94085,1144305458.94085,,0.748771,-82.6185,21_03_2025_16_08_17
bitkub-coin,kub,KUB Coin,1.67,148230170,334,294376.0,1.7,1.67,-0.022040420501019842,-1.30314,88850000.0,110000000.0,110000000.0,17.24,-90.30965,21_03_2025_16_08_17
euro-coin,eurc,EURC,1.082,147329187,336,34371170.0,1.086,1.081,-0.00231830198727101,-0.21388,136213202.6629436,136213202.6629436,,1.35,-19.98537,21_03_2025_16_08_17
wrapped-ether-mantle-bridge,weth,Wrapped Ether (Mantle Bridge),1946.7,147076519,335,3059511.0,1994.83,1938.08,-27.54729669109156,-1.39533,75541.11601192589,75541.11601192589,,4597.42,-57.66089,21_03_2025_16_08_17
wrapped-beacon-eth,wbeth,Wrapped Beacon ETH,2069.85,146886143,337,2519633.0,2123.94,2063.44,-26.794798601763432,-1.27798,70938.0,70938.0,,4317.06,-52.02675,21_03_2025_16_08_17
gigachad-2,giga,Gigachad,0.01514335,145433158,338,4448039.0,0.01551822,0.01456619,0.00010429,0.69346,9604136902.35,9604136902.35,10000000000.0,0.095127,-84.08203,21_03_2025_16_08_17
casper-network,cspr,Casper Network,0.01113744,144336340,339,4727398.0,0.01176245,0.01109005,-0.000525883525221633,-4.50887,12932203223.0,13389057569.0,,1.33,-99.15514,21_03_2025_16_08_17
ether-fi,ethfi,Ether.fi,0.629774,144285056,340,59607359.0,0.670107,0.627725,-0.029394426716235822,-4.45932,229149661.0,1000000000.0,1000000000.0,8.53,-92.61572,21_03_2025_16_08_17
metaplex,mplx,Metaplex,0.183931,143561868,342,5035370.0,0.185329,0.181387,-6.8703433647038e-05,-0.03734,780385262.006881,1000000000.0,1000000000.0,0.896784,-79.48557,21_03_2025_16_08_17
gmx,gmx,GMX,14.3,143435325,341,11515593.0,14.45,14.1,-0.10448383270155404,-0.72534,10025520.79516046,10025584.7141004,13250000.0,91.07,-84.27974,21_03_2025_16_08_17
mythos,myth,Mythos,0.183664,142829847,343,4300230.0,0.192054,0.178677,-0.001721230402460666,-0.92846,777730720.92,1000000000.0,1000000000.0,1.99,-90.75608,21_03_2025_16_08_17
nano,xno,Nano,1.067,142279432,344,4776451.0,1.084,1.046,-0.008110844992918143,-0.75457,133248290.0,133248290.0,133248290.0,33.69,-96.83452,21_03_2025_16_08_17
kadena,kda,Kadena,0.45846,142008227,345,4913471.0,0.477937,0.45256,-0.01942800254150573,-4.06539,309072969.11393,309732167.79477,1000000000.0,27.64,-98.33505,21_03_2025_16_08_17
harmony,one,Harmony,0.01144507,140958580,346,7965035.0,0.01198084,0.01126512,-0.000535766609971426,-4.47186,12305426115.0007,13156044839.793139,,0.37902,-96.97352,21_03_2025_16_08_17
zencash,zen,Horizen,8.82,140468807,347,16501568.0,9.23,8.82,-0.3290172243553062,-3.59447,15925506.25,15926734.375,21000000.0,165.92,-94.67633,21_03_2025_16_08_17
digibyte,dgb,DigiByte,0.00792942,139526374,349,3077852.0,0.00822581,0.00785802,-0.000237547289132667,-2.90863,17595464316.57918,17595502059.905,21000000000.0,0.178084,-95.54688,21_03_2025_16_08_17
wrapped-avax,wavax,Wrapped AVAX,18.42,139503575,348,55327143.0,19.09,18.39,-0.33506250177244823,-1.7862,7564653.280325402,7564653.280325402,,2000.68,-99.07815,21_03_2025_16_08_17
waves,waves,Waves,1.39,138944559,350,14908510.0,1.43,1.38,-0.03137074785892402,-2.20782,100000000.0,100000000.0,,61.3,-97.72959,21_03_2025_16_08_17
kinesis-gold,kau,Kinesis Gold,96.78,138764682,353,25244701.0,98.26,96.35,-0.8738292372534602,-0.89479,1434980.5846,1434980.5846,,107.91,-10.2658,21_03_2025_16_08_17
terra-luna-2,luna,Terra,0.201666,138675236,351,16010080.0,0.21027,0.199228,-0.002947073931229782,-1.44032,687660230.0,1078518456.25778,,18.87,-98.93058,21_03_2025_16_08_17
binance-peg-sol,sol,Binance-Peg SOL,125.82,138457065,352,2000242.0,129.18,125.51,-3.10000770052325,-2.40455,1100000.099999,1100000.099999,,178.63,-29.42668,21_03_2025_16_08_17
amnis-aptos,amapt,Amnis Aptos,5.48,137908818,354,788902.0,5.63,5.4,0.03010828,0.55289,25203628.7157081,25208967.9349,,18.83,-70.91875,21_03_2025_16_08_17
stepn,gmt,GMT,0.04976794,137041891,355,31717196.0,0.05258,0.04959908,-0.002812532959886829,-5.34901,2752502946.972347,5147319626.972347,6000000000.0,4.11,-98.78664,21_03_2025_16_08_17
acet-token,act,Acet,0.079854,136553448,358,613280.0,0.08149,0.073209,0.00127445,1.62186,1709870215.734518,2230764830.365691,,1.9,-95.81836,21_03_2025_16_08_17
toshi,toshi,Toshi,0.00032299,136083837,357,14094231.0,0.00035363,0.00032106,-2.8649496227584e-05,-8.14733,420690000000.0,420690000000.0,420690000000.0,0.00226012,-85.69075,21_03_2025_16_08_17
ontology,ont,Ontology,0.148689,135941351,356,5310337.0,0.155423,0.148584,-0.005519267621329704,-3.5791,913697857.0,1000000000.0,,10.92,-98.63647,21_03_2025_16_08_17
hamster-kombat,hmstr,Hamster Kombat,0.00210392,135016315,359,21224457.0,0.00216133,0.00204826,-4.4366166071388e-05,-2.06519,64375000000.0,100000000000.0,100000000000.0,0.00722201,-70.93918,21_03_2025_16_08_17
stasis-eurs,eurs,STASIS EURO,1.088,134994878,360,60178.0,1.091,1.074,-0.000586105626364519,-0.05386,124125940.0,124125940.0,124125940.0,1.79,-39.34777,21_03_2025_16_08_17
mag7-ssi,mag7.ssi,MAG7.ssi,0.688297,133873757,363,897164.0,0.697798,0.683522,-0.009244197760184703,-1.32526,194472307.4489591,194472307.4489591,,1.35,-49.10517,21_03_2025_16_08_17
alchemy-pay,ach,Alchemy Pay,0.02698485,133679003,361,187478710.0,0.0285067,0.02241573,0.00430977,19.00663,4943691067.145604,9999999999.999987,9999999999.999987,0.198666,-86.36773,21_03_2025_16_08_17
eutbl,eutbl,Spiko EU T-Bills Money Market Fund,1.11,133336680,362,0.0,1.12,1.11,-0.003895130167035132,-0.34891,119855097.33479,119855097.33479,,1.14,-2.02553,21_03_2025_16_08_17
polygon-pos-bridged-dai-polygon-pos,dai,Polygon PoS Bridged DAI (Polygon POS),0.999885,130256684,364,11014937.0,1.002,0.998088,0.00078542,0.07861,130291886.2076899,130291886.2076899,,1.025,-2.42176,21_03_2025_16_08_17
bio-protocol,bio,Bio Protocol,0.079977,129862276,365,37518577.0,0.095036,0.079392,-0.006630293846853819,-7.6556,1622122176.7195103,3320000000.0,3320000000.0,0.888995,-91.00634,21_03_2025_16_08_17
project-galaxy,gal,Galxe,1.016,129763807,366,468674.0,1.17,1.013,-0.018131864466458536,-1.7537,127749331.18734433,200000000.0,200000000.0,18.32,-94.45996,21_03_2025_16_08_17
cronos-bridged-usdc-cronos,usdc,Cronos Bridged USDC (Cronos),1.002,129740970,369,810592.0,1.007,0.991752,0.0019006,0.18997,129445548.315541,129445548.315541,,1.13,-11.41014,21_03_2025_16_08_17
saros-finance,saros,Saros,0.04933433,129726770,368,1368423.0,0.05095,0.04625459,0.0001862,0.37886,2624999826.0,10000000000.0,10000000000.0,0.051154,-3.55812,21_03_2025_16_08_17
loopring,lrc,Loopring,0.103925,129494591,367,11441886.0,0.106869,0.103715,-0.002654545623617943,-2.49066,1245991468.94246,1373873397.442457,1374513896.0,3.75,-97.2223,21_03_2025_16_08_17
swipe,sxp,Solar,0.199815,127212790,371,3649169.0,0.206134,0.198329,-0.004090901644914074,-2.00627,636293473.2227812,637278567.0787909,,5.79,-96.54593,21_03_2025_16_08_17
anzen-usdz,usdz,Anzen USDz,0.983159,127096663,372,112568.0,0.994914,0.979929,-0.000325539050202939,-0.0331,129219389.0234491,129219389.0234491,,1.029,-4.33658,21_03_2025_16_08_17
world-mobile-token,wmtx,World Mobile Token,0.181963,126964351,370,13872551.0,0.191134,0.178719,-0.002120372795122699,-1.15185,697175276.338187,2000000000.0,2000000000.0,0.979732,-81.38206,21_03_2025_16_08_17
kinesis-silver,kag,Kinesis Silver,33.15,126547588,373,324973.0,33.99,31.14,-0.3427525603870265,-1.02342,3820061.6828,3820061.6828,,37.57,-11.72078,21_03_2025_16_08_17
sushi,sushi,Sushi,0.654224,126308460,374,34139149.0,0.678338,0.650569,-0.018331293548663363,-2.72562,192789255.8554817,281678117.7179228,,23.38,-97.19341,21_03_2025_16_08_17
nxm,nxm,Nexus Mutual,43.42,126196226,375,0.0,44.37,43.19,-0.31218812793082407,-0.71388,2905128.121243477,2905128.121243477,2905128.121243477,185.97,-76.64231,21_03_2025_16_08_17
sathosi-airlines-token,jet,Satoshi Airline,1.2,125418832,376,3406.66,1.94,1.18,-0.008039767014785149,-0.66607,104692822.0,500000000.0,500000000.0,1.94,-38.14106,21_03_2025_16_08_17
polyhedra-network,zkj,Polyhedra Network,2.06,124674450,377,2866736.0,2.07,2.06,0.00314253,0.15242,60383487.0,1000000000.0,1000000000.0,4.01,-48.51493,21_03_2025_16_08_17
euler,eul,Euler,6.56,122586213,379,4618531.0,7.39,6.48,-0.832721114149809,-11.26332,18685530.67,27182818.28459,27182818.0,12.78,-48.66674,21_03_2025_16_08_17
cow-protocol,cow,CoW Protocol,0.295027,122467545,378,22224289.0,0.307104,0.29032,-0.004502514165843297,-1.5032,415016589.7140408,1000000000.0,1000000000.0,2.22,-86.69175,21_03_2025_16_08_17
reserve-protocol-eth-plus,eth+,ETHPlus,2028.96,122288539,380,208008.0,2075.51,2020.03,-22.758243641996387,-1.10923,60239.46584062198,60239.46584062198,,4194.11,-51.59858,21_03_2025_16_08_17
coti,coti,COTI,0.067921,121828911,381,19004383.0,0.070455,0.068056,-0.001251843120138929,-1.80972,1792309031.44,2000000000.0,2000000000.0,0.668634,-89.78356,21_03_2025_16_08_17
nkyc-token,nkyc,NKYC Token,30.37,121395422,382,232555.0,30.56,30.15,0.0098947,0.03259,4000000.0,4000000.0,21000000.0,35.51,-14.55294,21_03_2025_16_08_17
solo-coin,solo,Sologenic,0.302957,121045979,383,5410501.0,0.320541,0.299055,-0.01199185580545542,-3.80756,399198717.0,399198717.0,400000000.0,6.55,-95.37092,21_03_2025_16_08_17
qubic-network,qubic,Qubic,1.05e-06,119622477,384,4453843.0,1.13e-06,1.02e-06,-8.5804700099e-08,-7.56476,114114877172995.0,137174379539246.0,200000000000000.0,1.256e-05,-91.65635,21_03_2025_16_08_17
usd-coin-ethereum-bridged,usdc.e,Arbitrum Bridged USDC (Arbitrum),0.998278,119375152,385,30607751.0,1.003,0.996051,0.0002725,0.0273,119413150.923731,119413150.923731,,1.22,-17.7934,21_03_2025_16_08_17
band-protocol,band,Band Protocol,0.762465,119044577,386,9711225.0,0.793316,0.7495,-0.030446079493103517,-3.83978,155942920.54912,158541694.558811,,22.83,-96.65583,21_03_2025_16_08_17
b3,b3,B3 (Base),0.00557023,118578086,387,12192339.0,0.00564509,0.00532397,-2.9015401936337e-05,-0.5182,21292670212.0,100000000000.0,100000000000.0,0.01828807,-69.48805,21_03_2025_16_08_17
global-commercial-business,gcb,Global Commercial Business,0.097763,117572041,388,162782.0,0.100758,0.086706,0.00804994,8.97295,1201844746.3741875,1201844746.3741875,2500000000.0,0.342361,-71.47975,21_03_2025_16_08_17
io,io,io.net,0.78989,116630700,389,24520302.0,0.831779,0.787629,-0.03517589762969264,-4.26341,147452479.82,799999980.7609212,800000000.0,6.43,-87.71442,21_03_2025_16_08_17
across-protocol,acx,Across Protocol,0.285032,115338557,390,51528309.0,0.303178,0.277813,0.00497942,1.77803,404651577.2197308,1000000000.0,1000000000.0,1.69,-83.11778,21_03_2025_16_08_17
zignaly,zig,ZIGChain,0.081778,115285493,391,2450930.0,0.083537,0.080841,-0.001655173127515189,-1.98383,1409674295.2396517,1954674295.2396517,1954674295.2396517,0.224179,-63.59478,21_03_2025_16_08_17
steakhouse-usdc-morpho-vault,steakusdc,Steakhouse USDC Morpho Vault,1.078,115026581,392,0.0,1.079,1.076,-0.000658114120644981,-0.06102,106716268.8998397,106716268.8998397,,9.61,-88.78857,21_03_2025_16_08_17
mubarak,mubarak,Mubarak,0.115153,115016646,393,140134652.0,0.141565,0.111015,-0.01516009868884198,-11.63363,1000000000.0,1000000000.0,1000000000.0,0.211228,-46.20869,21_03_2025_16_08_17
prometeus,prom,Prom,6.17,112780136,394,2389612.0,6.31,6.06,-0.06997430490181245,-1.12087,18250000.0,19250000.0,19250000.0,105.94,-94.16576,21_03_2025_16_08_17
ozone-chain,ozo,Ozone Chain,0.14768,111614015,395,203897.0,0.148444,0.144345,0.00210848,1.44842,755841616.0,1000000000.0,1000000000.0,0.485077,-69.55811,21_03_2025_16_08_17
biconomy,bico,Biconomy,0.118436,111063308,396,8126563.0,0.124091,0.117743,-0.005626777418525075,-4.53541,937604160.8416799,1000000000.0,1000000000.0,21.45,-99.44746,21_03_2025_16_08_17
metis-token,metis,Metis,17.69,110707052,399,8296431.0,17.93,17.44,0.143453,0.81739,6263334.342,10000000.0,10000000.0,323.54,-94.54527,21_03_2025_16_08_17
g-token,g,Gravity,0.01526459,110430906,398,9360760.0,0.01572271,0.01518131,-0.000424724565541854,-2.70709,7232700000.0,12000000000.0,12000000000.0,0.091691,-83.3203,21_03_2025_16_08_17
vicicoin,vcnt,ViciCoin,19.36,110381566,397,124027.0,19.84,19.34,-0.40536625570926077,-2.05101,5696260.0782642,10000000.0,10000000.0,25.01,-22.53059,21_03_2025_16_08_17
hive,hive,Hive,0.234966,110364679,400,6072682.0,0.249043,0.234452,-0.009398637084040706,-3.84615,470440182.911,,,3.41,-93.11748,21_03_2025_16_08_17
neiro-3,neiro,Neiro,0.00025852,108782535,401,36877434.0,0.00027335,0.0002535,-8.780616272516e-06,-3.28494,420690000000.0,420690000000.0,420690000000.0,0.00301761,-91.4384,21_03_2025_16_08_17
crvusd,crvusd,crvUSD,0.999723,108630777,402,41946258.0,1.0,0.999568,-0.000457868033470032,-0.04578,108665027.7721001,108665027.7721001,,1.11,-9.62363,21_03_2025_16_08_17
astherus-usdf,usdf,Astherus USDF,0.998411,108437529,403,259306.0,1.001,0.995777,-0.001479066024153486,-0.14792,108610164.3652588,108610164.3652588,,1.005,-0.71149,21_03_2025_16_08_17
space-id,id,SPACE ID,0.251045,108081314,404,22880497.0,0.268138,0.250437,-0.010520048863345566,-4.02196,430506132.0,1996617244.0,2000000000.0,1.84,-86.32322,21_03_2025_16_08_17
proton,xpr,XPR Network,0.00395854,107977302,405,19516322.0,0.00440782,0.00372038,0.00019034,5.05134,27235630998.7514,30184949680.3302,,0.100088,-96.04001,21_03_2025_16_08_17
bonfida,fida,Solana Name Service,0.108475,107630502,406,13473742.0,0.113125,0.108108,-0.003432078076301137,-3.06691,990911761.002577,1000000000.0,1000000000.0,18.77,-99.42107,21_03_2025_16_08_17
uma,uma,UMA,1.24,107099353,408,16846110.0,1.33,1.24,-0.058137582873096116,-4.46185,85877266.39361782,123891288.3213962,,41.56,-96.99458,21_03_2025_16_08_17
clearpool,cpool,Clearpool,0.140634,106834136,407,2784756.0,0.148065,0.137924,-0.0007906497752867,-0.55906,759945956.16,1000000000.0,1000000000.0,2.55,-94.48397,21_03_2025_16_08_17
rocket-pool,rpl,Rocket Pool,5.01,106308084,409,16110149.0,5.17,4.94,-0.14948453379802906,-2.89753,21225195.49192996,21225195.49192996,,61.9,-91.90174,21_03_2025_16_08_17
swftcoin,swftc,SWFTCOIN,0.0106613,106303227,410,1764496.0,0.01137041,0.01063621,-0.000293053712862829,-2.67523,10000000000.0,10000000000.0,10000000000.0,0.04665833,-77.19177,21_03_2025_16_08_17
aevo-exchange,aevo,Aevo,0.117115,105920078,411,24329103.0,0.121426,0.116018,-0.004141751052761058,-3.4157,903166046.3930211,1000000000.0,1000000000.0,3.76,-96.88228,21_03_2025_16_08_17
icon,icx,ICON,0.099851,105537157,413,2193437.0,0.102476,0.099515,-0.002079075428942964,-2.03971,1055426229.073657,1067591350.840676,,13.16,-99.2407,21_03_2025_16_08_17
uxd-protocol-token,uxp,UXD Protocol,0.01505107,105367640,414,5.74,0.01539776,0.01495726,7.322e-05,0.48885,6999999999.0,7000000000.0,7000000000.0,0.170044,-91.14528,21_03_2025_16_08_17
melania-meme,melania,Melania Meme,0.702234,105352396,412,22784928.0,0.737804,0.698311,-0.029453132517134217,-4.02537,150000000.0,999999119.311051,1000000000.0,13.05,-94.59908,21_03_2025_16_08_17
altlayer,alt,AltLayer,0.03767984,105102971,415,52177463.0,0.0396688,0.03545354,0.00146532,4.04623,2792013887.0,10000000000.0,10000000000.0,0.676743,-94.43373,21_03_2025_16_08_17
manta-network,manta,Manta Network,0.256532,104826551,416,28112700.0,0.270627,0.256264,-0.009491721426977906,-3.56799,408016091.3651653,1000000000.0,1000000000.0,4.05,-93.66812,21_03_2025_16_08_17
illuvium,ilv,Illuvium,14.03,104737018,417,13489381.0,14.52,13.99,-0.46087670732963204,-3.18145,7464356.453245167,9598364.524580982,,1911.26,-99.26449,21_03_2025_16_08_17
audius,audio,Audius,0.080081,104689576,418,10650800.0,0.082597,0.07949,-0.001158468463216725,-1.42599,1307987190.0,1307987190.21886,1307987190.21886,4.95,-98.38425,21_03_2025_16_08_17
m2-global-wealth-limited-mmx,mmx,MMX,0.664995,103525986,419,78362.0,0.70842,0.662335,-0.02957876273180149,-4.25855,155817255.889973,499897237.889973,500000000.0,3.47,-80.83547,21_03_2025_16_08_17
status,snt,Status,0.02603073,103134720,420,17046973.0,0.02846739,0.02609623,-0.001872924252114196,-6.71211,3960483788.3096976,6804870174.0,,0.684918,-96.20534,21_03_2025_16_08_17
zano,zano,Zano,7.01,102940674,421,464139.0,7.42,7.01,-0.16082190999918833,-2.2417,14689493.66,14689553.22,,17.81,-60.64604,21_03_2025_16_08_17
api3,api3,API3,0.864849,102429741,423,98913719.0,0.953434,0.852659,-0.0798519512384217,-8.45262,118311069.2775627,147734992.0666302,147734992.0666302,10.3,-91.58445,21_03_2025_16_08_17
spell-token,spell,Spell,0.00064557,102418626,422,15506248.0,0.00067224,0.00064002,-2.3158961062466e-05,-3.46311,158580640422.4349,196008739620.0,210000000000.0,0.03506357,-98.15653,21_03_2025_16_08_17
zeus-network,zeus,Zeus Network,0.262592,100416417,424,7585937.0,0.269612,0.257149,-0.007019346188387454,-2.6035,382778230.010249,999997392.723313,1000000000.0,1.11,-76.40363,21_03_2025_16_08_17
qusdt,qusdt,QL1 Bridged USDT (QL1),0.999408,99947125,425,16400.32,1.001,0.997146,-0.000750851419721532,-0.07507,100000000.0,100000000.0,,1.019,-1.89871,21_03_2025_16_08_17
zelcash,flux,Flux,0.259945,99377110,426,7458058.0,0.275871,0.259973,-0.011292017717365821,-4.16316,381556709.4991484,381570959.4991484,440000000.0,3.33,-92.15677,21_03_2025_16_08_17
venus,xvs,Venus,5.94,98652828,427,9296283.0,6.01,5.75,0.131492,2.26189,16581284.004828705,29745109.54325738,30000000.0,146.82,-95.94335,21_03_2025_16_08_17
delysium,agi,Delysium,0.061775,97549583,428,9648474.0,0.065609,0.060836,-0.002279741698307879,-3.55907,1578519795.017681,3000000000.0,3000000000.0,0.672035,-90.79198,21_03_2025_16_08_17
lisk,lsk,Lisk,0.551868,97409961,429,12973696.0,0.568774,0.546464,-0.011898590382767082,-2.11055,176439445.6121839,400000000.0,400000000.0,34.92,-98.42035,21_03_2025_16_08_17
blockv,vee,BLOCKv,0.02662092,97065997,430,92678.0,0.02740786,0.0261101,-0.000760109505358104,-2.77604,3646271241.200255,3646271241.200255,3646271241.0,0.356889,-92.45063,21_03_2025_16_08_17
anime,anime,Animecoin,0.01743417,96609994,431,15824073.0,0.01837199,0.01735099,-0.000734486155297184,-4.0426,5538604656.0,10000000000.0,10000000000.0,0.186122,-90.59567,21_03_2025_16_08_17
usual,usual,Usual,0.13621,96607549,432,27344671.0,0.149697,0.133901,-0.013486221958387917,-9.00904,709825457.185696,780950079.9294978,4000000000.0,1.61,-91.52496,21_03_2025_16_08_17
velo,velo,Velo,0.01301191,96373498,433,17195514.0,0.01376833,0.01303059,-0.000729780455263299,-5.3107,7390475595.0,23999921811.38452,,2.29,-99.42886,21_03_2025_16_08_17
memecoin-2,meme,Memecoin,0.00233395,96017158,434,22259858.0,0.00244223,0.00229207,-0.000101794334303595,-4.17918,41111771600.17195,69000000000.0,69000000000.0,0.056324,-95.8568,21_03_2025_16_08_17
bitdca,bdca,BitDCA,0.722282,95937529,436,80842.0,0.726397,0.676701,0.04528106,6.68848,132825661.04132232,142665333.0,142665333.0,0.745004,-2.92771,21_03_2025_16_08_17
oec-token,okt,OKT Chain,5.37,95859946,435,311201.0,5.58,5.33,-0.12816886526992022,-2.33063,17847259.5,17847259.5,21000000.0,250.53,-97.85292,21_03_2025_16_08_17
iexec-rlc,rlc,iExec RLC,1.32,95594262,437,7464938.0,1.35,1.3,-0.007722561875711964,-0.58148,72382548.06525737,86999784.9868455,86999784.9868455,15.51,-91.45777,21_03_2025_16_08_17
ecoin-2,ecoin,Ecoin,0.0002071,95498064,438,5.24,,,,,461121735617.0,1000000000000.0,,0.01276469,-98.37756,21_03_2025_16_08_17
syrup,syrup,Maple Finance,0.129412,95365267,439,4169490.0,0.135533,0.126802,-0.003815479813495559,-2.86388,737021072.5288303,1182786153.348729,,0.339201,-61.9956,21_03_2025_16_08_17
paal-ai,paal,PAAL AI,0.105855,95103690,440,13514336.0,0.113777,0.10288,-0.006502803811759966,-5.78757,899012627.59,1000000000.0,1000000000.0,0.859797,-87.68887,21_03_2025_16_08_17
l2-standard-bridged-frxusd,frxusd,L2 Standard Bridged frxUSD,0.996264,94827374,442,1436592.0,1.004,0.991837,-0.00148465906910622,-0.1488,94764513.10769281,94764513.10769281,,1.047,-4.84821,21_03_2025_16_08_17
stp-network,stpt,STP,0.04901229,94781628,441,22048314.0,0.051909,0.04876904,-0.001625342319232934,-3.20975,1942420283.027067,1942420283.027067,1942420283.027067,0.270085,-81.93289,21_03_2025_16_08_17
iostoken,iost,IOST,0.00412986,94692643,443,11886366.0,0.00431704,0.00412869,-0.000137315664362771,-3.21795,22911122708.0,22911122708.0,90000000000.0,0.129829,-96.81188,21_03_2025_16_08_17
dymension,dym,Dymension,0.366721,93848606,444,109991779.0,0.414056,0.364172,-0.04444656854122392,-10.80985,255501062.0,1000000000.0,,8.5,-95.68724,21_03_2025_16_08_17
iagon,iag,Iagon,0.249135,93670336,445,495319.0,0.254022,0.244215,-0.000489332979317858,-0.19603,376020434.0,1000000000.0,1000000000.0,0.389333,-36.02658,21_03_2025_16_08_17
vvs-finance,vvs,VVS Finance,1.95e-06,93663405,446,156799.0,2.01e-06,1.93e-06,-4.0676551206e-08,-2.04139,48026001251890.94,93859425369041.31,100000000000000.0,0.00033093,-99.41251,21_03_2025_16_08_17
frax-usd,frxusd,Frax USD,0.998662,93142499,447,23024524.0,0.999489,0.998525,-0.000332916860307564,-0.03333,93267426.68333225,93267426.68333225,,1.004,-0.50667,21_03_2025_16_08_17
drift-staked-sol,dsol,Drift Staked SOL,138.07,93016317,448,176294.0,141.69,137.79,-3.130106887221416,-2.21679,672497.386701669,672497.386701669,,311.34,-55.47021,21_03_2025_16_08_17
bora,bora,BORA,0.080253,92510560,449,1222496.0,0.082669,0.079786,-0.001519530272727609,-1.85825,1152750000.0,1205750000.0,1205750000.0,1.61,-95.01424,21_03_2025_16_08_17
everipedia,iq,IQ,0.00439922,91950871,450,5419356.0,0.00451418,0.00438148,-0.000107790571119364,-2.39162,20890359638.929,20890359638.929,60000000000.0,0.072382,-93.9147,21_03_2025_16_08_17
level-usd,lvlusd,Level USD,1.0,91922692,451,3618704.0,1.007,0.996057,-0.001236053896199518,-0.12345,91890901.23117109,91933044.12901394,,1.051,-4.75356,21_03_2025_16_08_17
book-of-meme,bome,BOOK OF MEME,0.00132275,91551482,452,42237455.0,0.0014332,0.00132122,-7.826423676431e-05,-5.58624,68999659569.0,68999659569.0,68999659569.0,0.02688878,-95.08061,21_03_2025_16_08_17
balancer,bal,Balancer,1.45,90663047,453,8888671.0,1.49,1.43,-0.03838606608801709,-2.58435,62563855.66924847,67647092.0327972,96150704.0,74.45,-98.05215,21_03_2025_16_08_17
sonic-svm,sonic,Sonic SVM,0.249537,89687514,454,24169770.0,0.254023,0.244204,0.00173231,0.69906,360000000.0,2400000000.0,2400000000.0,1.23,-79.92871,21_03_2025_16_08_17
deso,deso,Decentralized Social,8.48,89295684,455,4987604.0,9.09,8.2,0.115322,1.37864,10532253.8854,10808492.6854,10808492.6854,198.68,-95.73661,21_03_2025_16_08_17
pha,pha,PHALA,0.113389,89118447,456,18198556.0,0.119577,0.111997,-0.004708614408209411,-3.98705,785488837.9234232,1000000000.0,1000000000.0,1.39,-91.83835,21_03_2025_16_08_17
infinitar-governance-token,igt,Infinitar Governance Token,0.428118,89114198,457,6902358.0,0.445114,0.424655,-0.016563475192969634,-3.7248,207919003.3,1000000000.0,1000000000.0,0.680328,-37.0662,21_03_2025_16_08_17
gama-coin,gama,GAMA Coin,1.37,88858168,459,2260160.0,1.39,1.36,-0.018712001207894513,-1.3507,64999936.00000001,99999956.00000001,,1.76,-21.98196,21_03_2025_16_08_17
metfi-2,metfi,MetFi,0.430896,88808231,460,471897.0,0.437283,0.42321,0.00512206,1.203,205912878.0288875,481256171.556871,500000000.0,5.7,-92.42881,21_03_2025_16_08_17
marlin,pond,Marlin,0.01086441,88733474,461,5295185.0,0.011259,0.01085122,-0.000304176018855514,-2.7235,8156196074.0,10000000000.0,10000000000.0,0.323362,-96.63517,21_03_2025_16_08_17
aleo,aleo,ALEO,0.25777,88708066,458,6597365.0,0.277006,0.257145,-0.019004336820767742,-6.86636,344136338.70655,1686206937.922703,,6.72,-96.15874,21_03_2025_16_08_17
adventure-gold,agld,Adventure Gold,0.952905,88503971,462,17312631.0,0.969799,0.938776,0.00293406,0.30886,92810001.0,92810001.0,96000000.0,7.7,-87.63448,21_03_2025_16_08_17
orbs,orbs,Orbs,0.01934152,88210906,463,6277475.0,0.01956138,0.01898272,-5.5917237307284e-05,-0.28827,4557456307.6373,10000000000.0,10000000000.0,0.360443,-94.623,21_03_2025_16_08_17
ong,ong,Ontology Gas,0.21597,88209413,464,2282568.0,0.223689,0.215309,-0.004973586587220857,-2.25106,408228963.4414432,1000000000.0,1000000000.0,4.39,-95.06993,21_03_2025_16_08_17
compound-ether,ceth,cETH,39.13,87874381,466,28.84,40.08,38.96,-0.4665342068164975,-1.17824,2244484.70522421,2244484.70522421,,97.75,-59.9478,21_03_2025_16_08_17
venice-token,vvv,Venice Token,3.14,87783325,465,8079279.0,3.41,3.14,-0.2542233834175307,-7.49744,28008240.424569,68645363.7000819,,22.58,-86.01466,21_03_2025_16_08_17
cronos-bridged-usdt-cronos,usdt,Cronos Bridged USDT (Cronos),0.996035,87390540,467,69688.0,1.005,0.991986,-0.003071626094109936,-0.30744,87824964.111949,87824964.111949,,1.2,-17.17402,21_03_2025_16_08_17
chromaway,chr,Chromia,0.103855,87305620,468,12124234.0,0.108716,0.102657,-0.00372806734312954,-3.46529,840453405.299973,840453405.299973,978064789.0,1.49,-93.0274,21_03_2025_16_08_17
big-time,bigtime,Big Time,0.04839499,87298404,470,23624822.0,0.05017,0.04796865,-0.001582213762264792,-3.16587,1804154682.52715,5000000000.0,5000000000.0,0.977359,-95.04867,21_03_2025_16_08_17
power-ledger,powr,Powerledger,0.164507,87121620,469,8577537.0,0.171489,0.163491,-0.005880492911242263,-3.45125,529761884.726046,999506122.99937,1000000000.0,1.89,-91.2922,21_03_2025_16_08_17
solayer-staked-sol,ssol,Solayer Staked SOL,133.84,87073487,471,208531.0,137.44,133.89,-3.5566381564071037,-2.5886,648638.602175591,648638.602175591,,304.31,-55.85012,21_03_2025_16_08_17
hashkey-ecopoints,hsk,HashKey Platform Token,0.656937,86973750,472,2638786.0,0.658747,0.615181,0.02690168,4.26987,132500000.0,1000000000.0,1000000000.0,2.56,-74.31484,21_03_2025_16_08_17
origin-ether,oeth,Origin Ether,1939.42,86861964,473,209795.0,1992.49,1939.1,-31.42582343321351,-1.59454,44630.1763139981,44630.1763139981,44630.1763139981,4087.13,-52.53049,21_03_2025_16_08_17
pixer-eternity,pxt,Pixer Eternity,0.04030012,86714484,474,305522.0,0.04044609,0.03912066,0.000333,0.83319,2151882037.9038,10000000000.0,10000000000.0,0.391028,-89.6936,21_03_2025_16_08_17
aixbt,aixbt,aixbt by Virtuals,0.100586,86185098,475,47887237.0,0.10607,0.099014,-0.003101928940493243,-2.9916,855612732.0,1000000000.0,1000000000.0,0.942578,-89.25029,21_03_2025_16_08_17
moonbeam,glmr,Moonbeam,0.088704,85616200,476,7532415.0,0.092674,0.087985,-0.002053839484913014,-2.26298,964700791.0,1164806661.0,,19.5,-99.54493,21_03_2025_16_08_17
peaq-2,peaq,peaq,0.115026,85187249,477,6882425.0,0.118792,0.109077,0.00099862,0.87578,739674142.7120694,4250253809.117734,,0.750473,-84.65121,21_03_2025_16_08_17
gamebitcoin-power,pwr,Gamebitcoin Power,0.099873,85091784,478,4072.72,0.103384,0.097047,0.00185511,1.89262,851611356.0457581,5000000000.0,20000000000.0,0.412709,-75.74842,21_03_2025_16_08_17
sbtc-2,sbtc,sBTC,84406.0,84405940,479,74416.0,86895.0,84223.0,-2306.4947407504224,-2.65994,1000.0,1000.0,,107070.0,-21.02368,21_03_2025_16_08_17
zircuit,zrc,Zircuit,0.03849087,84337196,480,18572008.0,0.04031862,0.03835093,-0.001599967178413646,-3.99086,2194923458.0,10000000000.0,10000000000.0,0.09726,-60.428,21_03_2025_16_08_17
blast,blast,Blast,0.00314766,84089676,481,8517223.0,0.00328135,0.00312383,-5.0712377223006e-05,-1.58557,26714966700.97666,100000000000.0,100000000000.0,0.02917956,-89.21101,21_03_2025_16_08_17
yield-guild-games,ygg,Yield Guild Games,0.195184,83974775,483,12262371.0,0.204287,0.194906,-0.006236024083239783,-3.09603,429503670.56161606,999793439.3527771,1000000000.0,11.17,-98.24906,21_03_2025_16_08_17
coreum,coreum,Coreum,0.12919,83972646,482,406208.0,0.138489,0.128826,-0.00902042208308973,-6.52659,649694844.343832,649694844.343832,,0.701087,-81.5639,21_03_2025_16_08_17
wax,waxp,WAX,0.02372542,83129002,484,9770409.0,0.02453554,0.02300788,-0.000809404221495742,-3.299,3504099552.3982,3770303327.0,3770303327.0,2.77,-99.14085,21_03_2025_16_08_17
astherus-staked-bnb,asbnb,Astherus Staked BNB,479.34,83121295,488,2397.55,685.64,478.88,-124.28476454091106,-20.58974,173407.8226120327,173407.8226120327,,828.99,-42.21734,21_03_2025_16_08_17
temple,temple,TempleDAO,3.46,83052721,485,36016.0,3.61,3.46,-0.1320431375111455,-3.67582,24000384.234967295,24047666.1865157,24047666.1865157,3.79,-8.64978,21_03_2025_16_08_17
stratis,strax,Stratis,0.04269012,83046718,486,2468959.0,0.04423568,0.04209898,-0.001351732285687683,-3.0692,1945213530.215654,2061433530.215654,,22.77,-99.81236,21_03_2025_16_08_17
request-network,req,Request,0.111452,82938349,487,2772910.0,0.111875,0.110522,0.000437,0.39364,744291192.2591633,999514601.7147886,1000000000.0,1.059,-89.47017,21_03_2025_16_08_17
avail,avail,Avail,0.04089152,82930285,490,5478944.0,0.04184775,0.04076405,-0.000802106510485699,-1.92381,2026074889.0,10348574889.0,,0.239543,-82.93049,21_03_2025_16_08_17
tokenlon,lon,Tokenlon,0.710019,82891189,489,45313.0,0.7177,0.70395,-0.005237479197005901,-0.73225,116686082.9449759,140451028.838767,200000000.0,9.81,-92.75628,21_03_2025_16_08_17
constitutiondao,people,ConstitutionDAO,0.01626012,82375911,491,34700928.0,0.01755405,0.01617904,-0.000841194683305263,-4.91889,5066438921.357176,5066438921.357176,5066438921.357176,0.185022,-91.20884,21_03_2025_16_08_17
zentry,zent,Zentry,0.01240049,82343370,492,11381064.0,0.01291584,0.01206203,-0.000515349438019867,-3.99006,6619802518.785381,9718361293.028593,10000000000.0,0.04531743,-72.63809,21_03_2025_16_08_17
resolv-rlp,rlp,Resolv RLP,1.17,81924903,493,251375.0,1.17,1.17,-0.000530710302295123,-0.04536,70052166.00896892,70052166.00896892,,1.35,-13.53921,21_03_2025_16_08_17
dogs-2,dogs,Dogs,0.00015755,81636574,494,53457785.0,0.00015977,0.00014332,1.169e-05,8.01183,516750000000.0,550000000000.0,550000000000.0,0.00163299,-90.31708,21_03_2025_16_08_17
ignition-fbtc,fbtc,Function ƒBTC,83794.0,81537166,495,436676.0,86832.0,83061.0,-1018.8719866212923,-1.20132,975.27745681,14384.43763964,,110290.0,-23.57253,21_03_2025_16_08_17
verge,xvg,Verge,0.00491621,81088704,496,4138474.0,0.00505969,0.00485669,-0.000143478444555295,-2.83572,16521951235.74134,16555000000.0,,0.261874,-98.1232,21_03_2025_16_08_17
l2-standard-bridged-weth-blast,weth,L2 Standard Bridged WETH (Blast),1947.41,80652016,497,232548.0,1993.75,1938.23,-23.67332941115751,-1.20103,41352.75656185935,41352.75656185935,,4099.94,-52.42765,21_03_2025_16_08_17
zebec-network,zbcn,Zebec Network,0.00104174,80460318,498,36445638.0,0.00107254,0.00097975,5.002e-05,5.04383,76369442368.12437,99999406058.96437,100000000000.0,0.00349132,-70.16372,21_03_2025_16_08_17
the-grays-currency,ptgc,The Grays Currency,0.00027495,80451277,499,1057009.0,0.00031259,0.00021569,-3.7636789529696e-05,-12.04035,293549172028.14197,293549172028.14197,333333333333.0,0.00132623,-79.2854,21_03_2025_16_08_17
mass-vehicle-ledger,mvl,MVL,0.00305725,80405992,500,1039344.0,0.0031517,0.00304691,-4.6673896285025e-05,-1.50371,26302958863.10265,27802958863.0,30000000000.0,0.06973,-95.61646,21_03_2025_16_08_17
